id,yh_ens1
0015ceb851d7251b8f399e39779d1e7d,0.165547640699
0030a160d58723ff36d73f41b170ec21,0.184393769204
003f41c78e6acfa92430a057ac0b306e,0.336508521629
006b96310a37b36cccb2ab48d10b49a3,0.63407157161
008464bb8521d09a42985dd8add3d0d2,0.265355976728
0092c13f9e00a3717fdc940641f00015,0.568026378349
00986bebc45e12038ef0ce3e9962b51a,0.063333798162
00cba091fa4ad62cc3200a657aeb957e,0.144369830639
00edff4f51a893d80dae2d42a7f45ad1,0.0354575450174
0121c2845f2b7df060945b072b2515d7,0.188894673684
013395589c01aa01f8df81d80fb0e2b8,0.0679272053959
01de8323fa065a8963533c4a86f2f6c1,0.117561619553
01e349d34c06410e1da273add27be25c,0.329088307962
01f1140c8e951e2a921b61c9a7e782c2,0.165482273593
024efb7a1e67dc820eb61cbdaa090166,0.235935857371
0257df465d9e4150adef13303433ff1e,0.80999703532
0268f3a7a17412178cfb039e71799a80,0.233578829163
026be5d5e652b6a7488669d884ebe297,0.0513532091142
02801e3bbcc6966cb115a962012c35df,0.0472946722478
028996723faa7840bb57f57e28275e4c,0.505094947641
0334c8242ce7ee1a6c1263096e4cc535,0.433092481653
03fb0d0fdb187ee1160f09386b28c3f2,0.109879620495
03ff23e445787886f8b0cb192b3c154d,0.737792077354
043ed6cb6054cc13804a3dca342fa4d0,0.0655905317122
0482c444ac838adc5aa00d1064c976c1,0.0538142029271
04a3187ec2ed4198a25033071897bffc,0.29310848101
04a52f49cdbfb8b99789b9e93f1ad319,0.229770004284
04a8c47583142181728056310759dea1,0.611611561884
04cfc5efa4c8c2a8944c8b9fa6cb04d1,0.0392106292255
04e5d435fa01b0958e3274be73312cac,0.0268766017554
04fca9fbec0b803326488ade96897f6e,0.0949729295435
05609fdb8fa0895ac8a9be373144dac7,0.0649180804971
059d8c14b2256a2ba4e38ac511700203,0.729891632653
05a20caf6ab6df4643644c953f06a5eb,0.509111310384
064366faa1a83fdcb18b2538f1717290,0.341027952496
0679e5fd67b7441b8094494033f3881f,0.13052115911
0700108170c91ea2219006e9484999ef,0.019858647643
0708c00f6117ed977bbe1b462b56848c,0.347711632477
07349deeea878c723317a1ce42cc7e58,0.342462240288
07abb7bec548d1c0ccef088ce934e517,0.0709611345587
07bca4290a2530091ce1d5f200d9d526,0.680577167639
07fdb853ff90ce3c6d5c91f619ed714e,0.124039170593
080e6a00e69888fd620894f9fd0714b1,0.22161929162
081f4a90f24ac33c14b61b97969b7f81,0.733799078707
08528b8817429d12b7ce2bf444d264f9,0.0664741858649
0852f5124d69d7f8cd35fa31e1364d29,0.134406215659
08643d7b9ce18405fb63f63dda258e76,0.0224780976667
086f95a932c83faed289854083f48831,0.83485773457
0890a698c0a6ce5db48b1467011bf8d2,0.183023782624
089b8f10743e449a0f64f8f311dd8a46,0.0877215746817
08acb3440eb23385724d006403feb585,0.247530921131
099cec971282b1531d297e5d0d423598,0.197017430983
09b1c678fc1009d84a038cd879be4198,0.184470306094
09d7c4a3e1076dcfcae2b0a563a28364,0.818269604686
09ee522a3b7dbea48aa6d39afe240129,0.227331549535
09fdf599084b816247ba38d95b3c9d80,0.0649422364085
0a099f2549429d29b32f349e95fb2244,0.0517596665056
0a0c32c9e08cc2ea76a71649de56be6d,0.278010924263
0a38e7597ca26f9374f8ea2770ba870d,0.477420930102
0acbebb8d463b4b9ca88cf38431aac69,0.636771771768
0bd0e3056cbf23a1cb7f0f0b18446068,0.268282035383
0c0de3749d4fe175b7a5098b060982a1,0.919990168731
0c37613214faddf8701ca41e6d43f56e,0.46283175365
0c59313f52304e25d5a7dcf9877633b1,0.0515262302516
0c60f4b87afcb3e2dfa65abbbf3ef2f9,0.785850936239
0c98fcb55e3f36d0c2b6507f62f4c5f1,0.0137818262971
0c9d8314f9c69840e25febabb1229fa4,0.322386757448
0ca943d821204ceb089510f836a367fd,0.415428842469
0d06d764d3c07572074d468b4cff954f,0.343409868007
0d19f1c627df49eb223771c28548350e,0.054756182157
0d2fcf787026fece4e57be167d079383,0.209889446528
0d941a3ad6c889ac451caf89c46cb92a,0.00700539092066
0ddeb08e9c97227853422bd71a2a695e,0.0475673252137
0de72529c30fe642bc60dcb75c87f6bd,0.0726033068165
0e7ffa620c6db473b70c8454f215306b,0.220158951868
0eafe9b9182b80c6d67015a2062f5143,0.171077840855
0eb39d23d0f68ade9b5d8e6b3aee04d2,0.974308020905
0ee336c585bf7eb1011df476891c5102,0.11240503526
0f5ab1976a1b1ef1c2eb1d340b0ce9c4,0.152626622382
0fb1b54da1e66c60a57db9c52f945e25,0.21428101299
0fe244f21893c45fbb877f54d008518b,0.0907176468154
0fe9dd36f4dece7f4ec017433c4d4a50,0.136432084731
0ff552aa083ecfabaf1cfd65b0a8e674,0.736593139221
101a2999d28ce05788e6add3a28d4726,0.07233437661
1030bb45e9f660c3466f013dcb270520,0.0693180306961
1098cb63ea33f752a850929234576bcb,0.0138533080303
10a9c32039971eb12f3aecf76ac20f8c,0.0143459510552
10aa518193fa5b89b305a806d1dfb150,0.0603128986532
10f03fe0b77d39c758d6fb12304edfdb,0.309354029459
10ff16e329c64a6a290a7a4139a5f4ae,0.0813778558066
11616de262f844e6542d3c65d9238b6e,0.0214813940366
1183f213c1c821df18aad63890920403,0.0318390200395
118be21b7e0c3058b29a524686391c66,0.226338440617
11b09ff9de7382d83f79cc81f89f5894,0.0146044639188
11f10c2a0bfd231deeec98d69e4d0767,0.112018908505
11fe5426ef497bc490b9f1465f1fb25e,0.0596043477773
122c5c959fd98036c9972eec2062dc59,0.107324619113
124c4188604434bcdec8358c8ddf9a8b,0.218572948649
124e68a78f9c092a2f16f9214e91268f,0.392786910473
1278988821a696e534c6c93ecdd4ff0c,0.275061919798
12e0e2036f61c8a52ee4471bf813c36a,0.757716530162
1344e604281e68ac71f25c02e7637992,0.508448652264
135f21a84ac903a1d8dfbb0dfe46d792,0.0908134982968
13bb12b3b27d5a7b4b142503a1ae9e73,0.610153899623
14248ec22193bed1e087755df5a28509,0.106141804245
1427be78bcf4aba96c5054b697be9b5b,0.0088939951154
149cc798827099f8bdb97cf702027305,0.928724128313
149ff4b37a684a73869d2d88e3fd4d0e,0.0705294344942
14afefc82d992018c485949285d20c03,0.0108165601647
14c534e0b7c3176d9106c6215d0aa8c6,0.0188528899651
14f713c1ef037f6c531cffdff0e5fb2c,0.303505876269
154a79706bcecd0402b913d4bee9eed7,0.0783223479169
155893351afed6c68893397d19555fd8,0.08070679037
15aa585fb2d3018b295df8619f2d1cf7,0.617688885522
1615ace332b9d79be4e0e9fa32c71e9e,0.0551600264941
1631637f08f27347e8f23d7a0e18c100,0.0452667957019
16377fe7caf072d882f234dbbff9ef6c,0.189800080469
166a2a476b7b84c975fb65162acc0798,0.0590565336792
169b5bde441e8aa3df2766e2e02cda08,0.124856121177
16a4184e565f589622a70e82957ab54e,0.0800517694397
1748ad43b222be66f3e5ae4bd70c02ac,0.495433276261
174a9fc87f54d6def3730954fbafc99d,0.0190114377824
178663e1e238cdfa4d4eb9679e5d0aa4,0.0584515904554
17f5ae9fa49c4e47624f344d29bd03eb,0.357810874526
17ffaa3e8b53cc48e97fc6b87114e6dd,0.124953791867
180737a8b34cf2c88b00dfad3e7556ae,0.527498604972
184c61740244f4ce8fb985af9bb3d8e8,0.00962285219131
184fa4ae2b7ae010625d89f10186f1c5,0.310807726903
185bc9d9fa3a58fea90778215c69d35b,0.670345800625
186a0877503b047a77eb9b38083be9c1,0.0757513497367
186d95f7c17fd666726c10251072d44b,0.593170441333
18f49fee33af677f0ce2ba655c5ec835,0.627288145327
191fa0e017185de2c802bbe94edad2ed,0.0561859904349
19409b302d6c143d4f754146e91d4cfe,0.0207918685386
195842462645f0f331147a4c6b129a37,0.298597032036
197e035d3aed52b5a2a0de3ee4d5fcea,0.0548361328417
198d3ff4979a9a89f78ac4b4a0fe0638,0.505194720791
199ff05d08ade6e298d37cc542bc3565,0.190140522142
19bb6a9bc007ad75a4777e5298354cb4,0.0729517057433
19ca60da880961c50f1b99b66f252e8f,0.0588986042758
19d95b5828aeba8073fcbb12979f312b,0.294845552317
19f3b4dea7af5d6e13acb472d6af23d8,0.0715417661287
1a41350d4bbd74b7e0e28239cefa84c2,0.393515481828
1a91ca95390756518700877893ac195b,0.1203379464
1a9e2aad4b87512636f4f9d82c36a3ef,0.0946688979884
1acbe17dc8f9f59d2fd167b2aa6c650f,0.114375568803
1b17c83c3b0cb973e41f9121e562d030,0.33087379905
1b2355e6054759f2f0eb2542ed382b78,0.446260123372
1b7ca8dad5c36feb0a6abf8079173e22,0.0988406736613
1bb17a55702a78142cd05cd1063c82c8,0.0282961601649
1be4cf2de84adac4de0e090c9a15461c,0.446311199931
1c05dea5723caf192af34ceb5804468f,0.17274417382
1c24a09fa32147d9083ff93f171e1102,0.209794170527
1c42a5da837f4122d2c3b59ca9b5f0fb,0.0397025227168
1c498f306808952739e7a3a3a2439d1e,0.0507821515506
1c81d86923dad37b411f3a5936eb622d,0.0634241540405
1dab3271160e1380c5a70a1e3ba40cb7,0.307228160725
1ddb5d17d9db61c8ea0fd58d00df05ef,0.384855193406
1e0f8048728717064645cb758eb89279,0.0803086743466
1e33cb12436a64853c1ae9e918633e05,0.0231617779928
1ec082e8e2fa6eb6366b72a13e47b50f,0.667904359756
1edf5480bf676f8342a7d516bab58fa0,0.129245342881
1f49f0c1d7feedcae9024d251797407c,0.404179232686
1fb4887efd403cd9c0f6970fc8b679b5,0.63554176042
1ff6e2a80eb74396e09460c61ae69fb0,0.172020151552
204bdd4a15f023eea66190972b66fd0f,0.0322766033654
20809d879e5a966cc537beb42735a67f,0.299939176742
20c73e37fc89e007ae5b242480830860,0.318099030918
2117642550461db380a019bbd10a95e5,0.0929780392871
2143d78ca33eb69f667edd80ddbff6de,0.168716227249
21bdacdcdb87bf401f34d5d582247c77,0.0315656813609
21c94e2776145f74697adf8810b05305,0.022743721667
21cfe28c4a891795399bb77d63e939d7,0.0325967430417
21d449f3ae00ea302e5aa15d7df65465,0.327783464938
220223b46a23db0e2b0577170936845d,0.266958130445
2276fd918ac100cec3ed8036f6ad401c,0.105890764227
229b8b785f880f61d8dad636c3dc2687,0.0918220048892
2346e52f9370d9dd58172eb44b2b5d87,0.385993720879
234ac5dd589d09a4b2a753ff206d5588,0.0907916129327
2365e0afe6844e955f3d4c23a16dc1a9,0.566283854561
23e309ef3a674bcd9c8df40614b93a8e,0.0262801322973
24031ba88c58797148475f6d4d5a085b,0.0196282869854
243e69389ae5738d3f89386b0efddbcd,0.905437258376
245fe0c86269602b0dab44c345b0b412,0.817793214106
24626abe1c4544fb39d4e96e33275789,0.272911773225
2488c5b32e837dc848fe6fe4b1bbb7cb,0.0564815330446
24deb9f7adc838e4a4aaa2c905c548e6,0.135727601453
2505ca2e3cd132f69fde96ba4bb50f7b,0.0429997560584
25196c504274d166e81c745d32f30c72,0.204270689831
252b5fd5c4a5eb77be4fbe41df49bd07,0.108730829608
25782c40c29f7d774f8b644f3e68b590,0.237027264839
25a3b616f6cc89e74f6502d65b687972,0.32567758403
25c1c4f008e8addc4d386cab58815052,0.750035817038
25c369973827571098bdebf2a15c6ef2,0.0873505934934
2615d445b6d3865407d1a4422d25058e,0.0765054410909
2619ed1e4eca954af4dcbc4436ef8467,0.474239548138
263fa87394ee296e31234364e75d05e2,0.178272295993
264e5829ef58570c243bfd961098343f,0.0279896030835
26a2b8d6b94ee16ecf88fb28c57f377e,0.0745091037144
274297dd9a4f66148754944ae2b6731c,0.143242844356
274a81c75d244187247789bd71de2b3a,0.371373755427
27e9f8b51aeee67918221f2df98e9cbc,0.0970896881592
28054f63c5a6ef24e06d8c34258babd6,0.139279818397
281bb28a077ccfcd40ce4a543a5aea89,0.560369240815
28352e12fe29361dfd9613ed2e729192,0.0408141897566
28621a6988deb389673605447f46d3bb,0.0236784117652
28649e08938386e3b8eaa4a84baf5982,0.195981414926
28824d52b6425841bb263393c3211693,0.569605315696
2885e3af725bc58dc1522d4bfb24bb2b,0.736816403787
2895ce2fe73dd62554326c3ab1c3b686,0.0785741350665
28a9b77a9113ce491433d3ea47fa8fc9,0.296325145711
28e29fe26140703e5bbe570f982bd112,0.563986533915
2922aac33a190fd3939de337fe3f0a34,0.0207913862598
2950df9632577cb4b3af2dbfe2086b11,0.570457094506
2969c7ad0e550fee1f4a68fcb3bbb9e5,0.226001842287
29883252ce0ce3e052ce8cf4932623af,0.201109359922
29a2105c99e7677c30c7fd0b2edb9fcd,0.329585270819
29d92a1e253cef2c7f34c6db26ce11e3,0.117754312913
2a20e4a4e6411f72374fdffebabfc235,0.39953901493
2a2300103f80aadbfac57516d9a95365,0.276800537147
2a48f50391e22040f28e258a74dcaf95,0.0277752031784
2a549c66f24af964de6f25165c55e331,0.138457551953
2a6433cf347f7bd52ab796f083003832,0.187132752185
2a65c8b6d5cc50866de8caa4caabbb6d,0.0347078433781
2b0ea2696c8a02af5ac22f142be28e17,0.21972892978
2b2a95f76d7b6712690ee7be6838f868,0.0723567351823
2b55d9c3f8e05951c87e90d2361aca6a,0.279877653282
2b861ff187c8ff2977d988f3d8b08d87,0.437089590098
2b89691a0744504491ef91d711d94918,0.0550971182089
2bb5f7e8f10e1e39b7f81b5aa98676ea,0.0711213434897
2bf773632e786951d6d594939e6f4713,0.0446744207005
2c06f5c66f3c79515b7712605dea4400,0.326310311371
2c51b9e7af4850d817f4aa0ddf90b852,0.251417284615
2c8e0b1e8a3f10b1d59e4aa8fe68a32e,0.388740235808
2ce2565b9839d8812cf0f9ad80371d3f,0.211773623206
2d5cd7c1ee9a74a1244ddd6b55ad0446,0.593188266422
2d8152c603e6c49593578bde8e388860,0.0663383462435
2d81a9e760a07b25903a8c4aeb444eca,0.21979008138
2d977650e6388d2c45825a77e94437a2,0.160104664899
2dabff545dbfcb9e0efd92220c6aebcc,0.155451189068
2dbb8c6c6ea4ff5c62b34bdf9ea03158,0.0475775808201
2e26f46f1edc232be164c1fe2712e96a,0.0486232176058
2e59e2064d391f4b2587a08aff671399,0.0610544972161
2e8bb42ed99b2bd1d9cd3ffaf5129e4c,0.924273817459
2ea91bfe303ec03f9b0b3603333a3de6,0.157596451507
2eb8aedb5274414e05041b7be65db3e3,0.105896183737
2ebb1e8f14802c33f0e4215a7545d70d,0.595828342596
2ed2ec628e6ad9d0aa8c2a9b7bf4c4ce,0.384074138675
2ed8eb4430bf40f5405495a5ec22a76d,0.292750316579
2f154a687b94f7b59fec7048cbfb5354,0.466726367638
2f4645c27f9806daffe7e9d013b4b7eb,0.0280572360331
2f4e4a808cfb348d6ddc81de96f72077,0.608515511581
2f7088e4008c0ef2c88b6764af8c8815,0.421964646426
2fa939efbc3e1c2bc57ba5a98922ff3b,0.0981143639534
2fc3d8ef26fc7aafad44d5034673dd4c,0.152137739203
2fced53a125854edb9284ff12795caf8,0.0579954740295
2fd66be0a5e07b8bd4be1d8169cd846f,0.0751583983082
302336ac736ed66077456775a0a99adc,0.0411560408632
303b4b8425389134997a38b975c205d3,0.706641429408
3043b5cc9733054f3ab5399c3c810406,0.113365555753
30b8aa7f5688cab5ff0964f34b715c4d,0.504116406017
310b403db75226a9a44d9a29c18917b7,0.182373747299
31136e50b7205e9184227f94cdea0090,0.507867095811
313efe2e7ecf18a8d484f8b42f30da3e,0.45543278905
3170d41d2bc132db30399fca6bc6f376,0.0304736914738
3187b6cf14ed2cbe611b01da5e161f21,0.0616652133888
318bf8045b625b40825552420abfe1ef,0.902103574083
31c090cf66ec7bf090801d14d63199b5,0.0988627103295
31d037f6e359b56aec064fd3e348adb5,0.135095583495
31e82ed2c875eae8dfbfd70ac440458a,0.105827952567
31f35f920a472a1c3eacb565fe027923,0.504553160338
321364cc2393dccb7ba8894ee9d2b269,0.149305034811
322bf0acacba9650fa5656b9613c75c8,0.380573101717
322d09835e9c6f621262ee68fd3ed596,0.0373342926685
323792e42c4f43448b2b1a9651ecb779,0.266904007264
3244f802b7bd7c02ba7a8473802e947d,0.186425702567
3252220375d82c3720d36d757bb17345,0.0758092949667
327c4e9f365aec05222e253d1a80a1d4,0.738588324114
328138837e6db638913332acb79c703e,0.044327086097
3285ba0f447f3091c0c7c061b47c2f62,0.783456759284
3295f3f392d8e130155c8912b60161b5,0.24978284692
32cda856b7ec759fd3ebaa363c505e88,0.349495513794
331b14e413e88542855664c845c08c63,0.0419915548317
33293edbc834da033aa061f7d6a45fa1,0.0515031643139
335b129aacabdf9269b0bb12f148d15c,0.048095055268
337e7a428e7342d1e7f53a04247f7ad8,0.638072285227
338f9c6da34f61091a4c44b074b2f9e3,0.0478463687345
33da5fb759223c316e8cec9d884d1584,0.344460512679
33dd6666d9f0338929ecce58bb7c4cc3,0.675319255525
33e0e8629a377e4554b26e60a1007788,0.0935299063448
34007dd2549af2b82cc1206e550b5100,0.170299208039
344ab37041900393b5498bdda6f43cac,0.147957936972
3457880b1a66030feb8adaed6da805af,0.168176709783
3464083b3e6e7c11d1fba925f0b914cd,0.0267054059435
348a53f500ada390ddd00cc47d310b2c,0.394999483779
34b00e3b98072207edd20732558f7ab5,0.0287854247535
34c0760406297a3c8fd5077fb7cd95b0,0.10135288876
34cb3ac3d04e0d961e7578713bee6bb2,0.210338121599
35105d801880bd889bac5ee3771ed38b,0.0873040743491
352c23fe8a3d0640ea531a6bf223732c,0.483630621823
3557455d81f42ee54ad0544f36933e9a,0.0926038232165
356bc45910503ffde017a066581a3798,0.149799634438
359951e3d2768249211361665b99b735,0.137973827264
35ab1899e939be4e67923a1624c91365,0.130974162053
35b9a3e9871499893f76c8e6c648562c,0.790051668155
366cfab448dbe55fd63b01adac0b1c56,0.0326603194144
36d0dff4c9eb340475888c2f93359e43,0.166373049684
36dcb6b7463ada9ed78ce902d6f8ddc2,0.0389475821123
36f4fca6bbd993088ee024f93a61b722,0.266655653777
37006435aca7184571bba3c907141e82,0.0431725745467
37030ab5889febdae6725740aa627f95,0.113557106905
375a52b012066845a2eeb5032a92fc6b,0.900639363589
379d84cd171e6c0e58455c2fd0cf57ef,0.0282662175359
37dbe298bb4e0199625689cc35d390bb,0.571209561749
380eb569a5750648434cc8ae8da4a0a9,0.470095879903
383c27906392e9ce57f6ab5ef1cb6f62,0.49595297928
385f1f49b0c20563177c36b7470f1c46,0.713412825906
38d89e67d2ea7e2ab023c10f5f19f716,0.110379558338
3938d2274f0576b70fffa9aa68af8874,0.313419857804
398208da1bcb6a88e11a7314065f13ff,0.140407224388
399a263bdfbf26c6969d8af98774be8c,0.167733019699
39c3a2d2ca67bc7a1a22240ea571d50c,0.0220361544196
39c404ac6b5852fc8ff00d34bd35294f,0.338711090609
39dc5f09d7b8eeda7f2f02c86f53247d,0.084990419316
39ebb8121ea6faec0405a4e8db883b55,0.877561003959
3a1a293ecad44010da9907bfc91d94cd,0.0137407006008
3a3a7a6b3d2a4ea6b1f5bc6ea715eab8,0.47907378961
3a5bbc2f1f5d6d76a48ba5300105d998,0.174947093266
3a78dcf53effd732bc3880c029154272,0.0322409001088
3aedb9550977ed35e7d44555207ef739,0.0229119335482
3b59edf7e74fcff927c912efc0e80f3a,0.0847729872465
3b7384f374b73d2bd589ccbf1b651820,0.0214327424844
3b78adbbe463aba48bf29613ca37b2ea,0.0623282852888
3b908e86ea0f7cbd05dd8e0ea6d45d79,0.0411311861367
3bbab45d770ecd681be143f67cb4e5f3,0.0503764543649
3bd4f83c5930e8c1e193ccc463543745,0.0640746588695
3c2dbbdeb857504a8b501fc013b99c90,0.0379125660033
3c5a0fc6890a1f84211cf8a75c1b83c4,0.13744407325
3c73f5597780b7312b380373fb897f40,0.307343128887
3c86ed658e82e542bc542886a59ea4f1,0.10784522353
3cdd66bf14f0cff5cb46e95d5867de0d,0.159136558904
3d2b2b0fa9697b298fbbc033481cdcc4,0.304356084769
3d4e602819dca0f5eb48953841ff11d6,0.29644161068
3d521ee3776eefb65953f89c0e1a4f96,0.0711908273885
3d5351d09a432a8de88e5b270d419ebf,0.380191317278
3dfe8e80106f4136d2933ff72a16035c,0.0616639364447
3f057e68a02e9951b268227649f4a7d6,0.0239537540398
3f28787cc3343445a8c5ecc4dae27a25,0.0312802354092
3f37745d6516c29c597b797c50fe7839,0.0741328753646
3f6431400c2a07a46386dba3929da45d,0.0964509031213
3fcfd27d83883f454ba2fe58dee4abea,0.219962266735
4001d754871a8da824b8444e32dc6e0f,0.395058682775
402a18fa05523f80abb1e6d97793cc19,0.0552235677514
404e5dd2b032a223282f5a5e73c05418,0.019761586095
4062f1ad138218af5a3dfa3186d2afe1,0.0322140583381
408646e125230c495be91fe171da736e,0.015387811598
40c044145f5c87c12bd8c725924add3c,0.0800245549632
40c95c9be0bd7c290534ce374c58bec9,0.726528521661
4131820511c86a5e6b1e7721ab687049,0.0857755480188
415ea74bca59eb0ecd5ebb9c2c545f9d,0.113760274194
4165b6e956c0e46e94abf7d98f8d8fe2,0.0465486997416
4209cb1fbce28cd68da900eb9bef26b3,0.172316857348
428e25dfddfe731fc73f4e1739422181,0.069583488441
42bfcfb0e3965039947bd905b2fc3915,0.135775422661
42dbd247a9e5f710926b7c049a00ff48,0.0617625143759
42e374c728e50cf2aaa78db97f24a82c,0.173675312771
430596d1bfa6ec9a7bfa7359194a561c,0.0899939747559
432f8765e6b590ec00cc34c8d88456da,0.0514087120701
4348beb99dacd2cbf14983a2c64a00c6,0.087025624831
435cd5883a2014f295a8081ea098674b,0.0811814140613
436fd6ccfc92afc44c7d3ccfe26b6129,0.551448220036
437e42695e7ad0a1cb834e1b3e780516,0.853737302572
43933b4021d93dd64854f318656c7d1e,0.0708939628084
43f2ef8f53e1aa03bfb6378d0c20a8ac,0.348918884273
43fecc8947e4fbb47968dc8ef7d8f4ec,0.0345019058451
43fefd3f810ef71e0073d2415e7a6713,0.242634589861
44012bec8f33a785f7844cea8910487d,0.108617693483
440fb90654b1436e7c3bbdac991b8c1d,0.744935723908
4419818b57ef8b0f8d6d95594adab922,0.0311413042813
448ce51772879fcd88f61c07b06347b2,0.0789192702126
44988c6efa451e8d496188cb30669d44,0.961924269317
44cd94d1228f4a70753b5dfc12703414,0.112816138081
4521c94debf37a4dc9f3b70366a21640,0.827951156462
456a7dd28233b398ac83f03c80447b5a,0.863833744859
45a8417be8f56b401bd7b5d106f5acdd,0.0811035172249
45efbc7cc2657278f878bc973cecc141,0.419440539886
45f4141cfe3f110f9db4e1e113d15684,0.113695232808
46199ffd681fd429aca3823c76f1034d,0.473345532944
463b67fefdde16ba3c4a4258de1f38e3,0.0351426255228
479078cdf18cd6b677b79d2d9b075d81,0.0896094275077
483b89a4ffbbd85acc8b9af5a541dd4d,0.510503479365
4842c8c0a3f387effde44cb9b3d3fd2e,0.776842693517
48713d11ced3c60a531e6e80258d6425,0.0655060457752
487cc9003c99fa95e9a9e201d396992c,0.0339719412669
48e592418247393234dd658f9112c543,0.466916403189
48fac79fead32f2b10e37752cb077af6,0.0285305032995
493641ef65ee95fe994d4789aec1db3b,0.272410880292
494b9a6714921a446b32959ca291b050,0.0472003333326
494c42cb61c1e4a02504c16fe09a8129,0.176902737949
49a29b3f5bee32b350bedc4cfbad8e9c,0.147118540521
49b5b3444cf977439600dd06e8dd84ad,0.0489960633968
49ee28b71e02be4689e3fb0ba2a32c2b,0.0108702874555
4a1391269629d20359325873d11413c9,0.0758607790572
4a782bbc2608288a3ed05e511af6f8bb,0.619692746195
4aa3131e76b28e30235664087407edc3,0.112997675401
4aea6c3360cd923d25f33ec5b5e643bc,0.0568006646079
4af17bcb31669a9eab0b6ef8e22a8dcf,0.756222949626
4b19444c570185fc4606e4e29fd1ce1c,0.0410108457986
4b2f615f5498ee9d935b0229a2e6bb19,0.494257214119
4b351d0c19be183cc880f5af3fe5abee,0.0730389420741
4b5970e5edc0d8389cabc6bc5d84265f,0.299179944493
4b6b53281fe1fe797e181a5287df0f9a,0.370336433412
4b7f72b889e85b479305f8fbc8cc4f48,0.202842190423
4b8e47f2a5edda13b971da27317bfc6f,0.921733963341
4b96e8e085d7ab16c8054654fe586553,0.022217726199
4baa552f3a11782f39e16b345d401fb8,0.0685080018078
4bf6fb574a2ca2da551609e98a573e54,0.0751709606437
4cc309d81bf3685d7def772862375a2a,0.0269810994373
4cc8af2efef2f41bf70684be25276ce5,0.0646306119387
4cd70a98baca46b116071b32788d3c2d,0.732852214898
4d207541fac845d1a369a160f15d55e6,0.0425345059067
4d621b0adb6b46b353056e1843621c5f,0.0380254460268
4d7df08f074b221eec6311c2617a5ba8,0.421778811741
4d86e1657d46b9ee44c2c434fad231ce,0.403913342998
4d8f4de444a1f453e7ad32d067b0f630,0.24653216686
4dade0813da186d968b4b8c4952cbb0c,0.0501697509286
4dbda61d574417c7f25d6e9a8f0749a7,0.611534387834
4dcd34bd9b10f96453b63d4f55d1fd44,0.593653927112
4e9c2cbf385db44b6f5e6618f47318d9,0.0579187138166
4ecf053654c565e4a5d0f37811eade66,0.0550991744203
4efa432089851f50a5f53fc5a12e806a,0.0833085341869
4f1573f5cab1aaaebff33287682c5fbd,0.0545204604232
4f3039ae82f8cc764d1ec21116f54a07,0.145549335333
4fb3d996e87999e0dfa0009a3e5f0fbc,0.025633633543
4fcf8b00ea7a99162dc70aba253ba669,0.161449266496
502d4601458807bf0089e6fd07825357,0.0467927248304
502e157e6a22166997d054e8920d921c,0.038075071557
504e447ad62ea9ebb283873e044b5dd2,0.598467481773
506b07466777f6c6f4dd50a42896a2c4,0.0825362816988
512397206b42f1f8d009113511ae2937,0.366366434957
51bd5c556c77ecdaf489d8dd9f7a05f1,0.500086278148
51fbac477a3639f983904fc4d42b8c15,0.280688996005
521924ac2f00a62cc63f679de7e599cd,0.107998417242
5253d873ff82e3fa69e30e542d13a4ce,0.0445033584807
5267ea7baf6332f29163064aecf6e443,0.934969493929
5275c7ec0f1d80c829611c378708c05b,0.0224554636983
5278093ed7187e1a8be518d954509da7,0.0830997281108
529e4dd38822b413a4a87e6f4faa5f23,0.0444756638646
53087ef723e2433ad0b8041e408c6f8c,0.603464456047
5368521797323c89292781b8780e45b5,0.0861297266679
538600927ec2970552917a29b490b5fd,0.0506676551223
53ddfb7769619035ad7f8f58c72f697c,0.212059888442
54056288ab97cebc4b0ea33c23f47ff6,0.0646035188798
540dbb66efa0f76499464689756e69f4,0.241203552397
54162a514a5e2beb54e4b7aff41f5dfe,0.0188340346412
54d421d543e9e6dc8db10066a5867081,0.0540213833084
54df448f6c74df6bfa6b75c05393ace1,0.153130963468
5518b27f000e34cf2db5a362f4fac613,0.0789406912652
552ef3f04be2073d2cf8a52431576c24,0.127984888666
5572cc61f851b0d10d6fec913ae722b9,0.663696415705
55baceb599dc8aefe4b13c131d0531df,0.0802566281933
55c01868f1d9c37fa3f174dc3c0d44e8,0.179130349402
55d88980822c2e5d39b3d0ec172fa101,0.0444240550714
55e476ee19742fc09c4ce5e6ebdc13d1,0.177548910321
55eace190c5917cdfb390ca652149fbc,0.0468706376308
56462ba8833fc842d16be7e311214404,0.803686673529
565cdee745ea4e6afc0f7daae81a7963,0.309566597743
566a5d958f17d2fc44d4a1ec00401034,0.0236497921649
56995718fdd0a0549d0e7f11eb307f34,0.0374435403077
56d38d6863fd160da38b15bf12f0ed64,0.0930666174064
56e0f421b7faddcae027d7feb6dae8cd,0.103506948111
570ea80b0dcc08f3e8751a6f4b2b1cd5,0.299855583463
573a661e2d784f9385a3b78c9757ddad,0.719595723842
573e900142c9e6e7b32ed9e5ffd5584c,0.441439994329
5765dc0dbc8c02a4c862563eac4950ef,0.044448355756
57822feb6186b788c4e1877123428454,0.737187168356
5782e6873c666529c6a66421acb043dc,0.220993685149
579dfed23d49414a2c080bbf9d7f958f,0.0202764218553
57af0020213d64598ede82fe9d6bb8b3,0.0837243940492
57f5dc474b6a35d02542299dd09e68d6,0.0582940936259
5818c3be99a83ca8c951ff3434750d6a,0.150563191756
5861f8f8e35c0713c61e8ab3bc54c905,0.247943392658
587d6230f2bad2525c47632fd792a895,0.0408296977321
58bac12ccb44919bbd64271f38ee0584,0.113144853461
58bf189f6021ecea213c13eed7484d84,0.049733428584
58e4646cbead2fc4a6a1f86bf806e76f,0.0713948865247
591f6b47c1362410e7f4c13afbc99d79,0.525682872723
592c2481f17d6a2cecfe7bbb6a27722c,0.0605434886593
5968ac45330d7f24b041a73925818269,0.933741214343
597643aa6bb96b705eac52e03a307d6d,0.0514919898057
59e4985cd165f3abbe888475ce564f3a,0.571050115693
59e4e8889ae68a75227b2bd02c1d1b96,0.212881990378
59fc9d939f05bf3023c1387c1c086520,0.196991331902
5a06cb92ba004e2265ab087b5b09e33a,0.123553162111
5a2e359e859d0b0d7c159fff87950852,0.023842943781
5a57009fcdea02d30d31a47d2454dc29,0.081823890499
5ab68460985d9ed8e952475b402ddd62,0.265808730839
5ade88428e6463fa212d4c287228e8ed,0.479487097799
5ae03fb6d9959aa93d1177cfd70cf760,0.0288371987206
5ae60d42ec7eb7a79ce9a72967cbb6aa,0.0833295782696
5b412509bc40a3aeb3b5efef1fdfcfc9,0.297108453298
5b4f56936ab57ee5b30d8752652ee5cb,0.0783103598683
5b642ed9150bac6cbd58a46ed8349afc,0.662541441259
5bb9185543527cd034aa48fc0b623874,0.0369448638657
5bf71718aa1bdcada76f0683f8d6b41b,0.0548592840628
5c0d992d01e6383d5684b8ac5d7143b1,0.131792049098
5c4c25f93529bf21469f81a0acd5d324,0.0351278890611
5c69c62e94dde61c690563eb3553a561,0.134802669368
5c99ab7172afa78312fe73a3c0dd342f,0.16228949708
5d240c6a6d3009e61cb09ce49f641b4c,0.0634999335382
5d801b07718dc9a1ad2bf701523a0f74,0.159362301456
5da3dd09c0d0d597287a9a1046cced37,0.134327609001
5e0c8cba8eab51076ac0014049d770c1,0.342919100617
5e21909f11ec07f75460fe16b6c0185a,0.0496798580911
5e371e8fda27df3e5cc2548868229d5b,0.283383784224
5f19d1c7bd7ceb691639cab9c1c2cb19,0.200121198103
5f383eb9c3d8ea72ddec7e2e874d577d,0.737737858006
5f3b9b59f957fea0a5e8cc506e12652e,0.436411164528
5f4e23c0f76cd00aaaa6e03744bbc362,0.0755964066946
5faa4b8d9e86c157b7b16e67f22e7210,0.184471279358
5fd33ea74e1ad740a201ae9b3c383fc5,0.666497858569
5fe048f36bd2da6bdb63d8ff3c4022cd,0.158953399323
60018d051926d01b38dd16e44159610c,0.102485883877
605d3633c1625b4be151d38aad43de94,0.0331847576897
60638c0dcee9e5adfcac3b4f57d1366f,0.0790449403068
608202eb3c368512e55e9e339a203790,0.642490241282
608a7028689c6ab3aea5f116007169b2,0.162326522952
60a4915d8662dff30dc596ebccb83b3c,0.0370065224047
60b1526597b82c98ce96fbe5014c0f2b,0.639162706867
60b389fb2f7eeb912586d1a3ccc9dbbc,0.611069695393
61406252b7c29fbe372adfa953d95199,0.115168660103
61630ec628631f7fe3980f869e1a4fbe,0.848825007018
6171d57221e26d1f15d3c71fe966ab18,0.146503226337
61917cf6407e793bc0edb60850009e85,0.111026604686
61c0247462b00b95c4df16edd4486a06,0.0865503266198
61ce76681b4a68b8d0f3b724c1e844b3,0.0547268346395
62099cb774faa70d28d2c5cb1e235270,0.0649735758306
624a34fa8fd36847724e749877343847,0.579957988123
627499714e279203bd1294290f8fc542,0.655134847429
627836151c555187503dfe472fb15001,0.199988855635
63b5be42543c98ac5392f1bfbda085bf,0.364851198826
63d907adcf3f12349a0c2c8921d38e89,0.080085638906
642c43727eee4bda71c0c30bf5cf1a2b,0.103257528711
645e7f46eb9b834153ecf8e2b2921fe5,0.351581211362
648c99653d512edc1d28dd8e7054ceab,0.719318730044
64a5a866461a3b6006efb0075e04dffe,0.225406196672
65073aadb60e398d8db1806f5ea2a082,0.742839562041
6540e089936a6c9d1f11939e96e6ab18,0.690378772953
6541df84fd779ba6513a530c128f4e9b,0.134782883948
654f2095bace27af870cdfcc66f9717c,0.127935252033
657dc5d2bf8ea210d912dd8320481068,0.0199218955354
65a380c07d416f78e85545eaaa2916a1,0.785725005115
65dd5d9d5b894e5f0ac3bd6c1384c46a,0.212244259335
65f596f75eebf7935554eaed3c8172ce,0.2126111783
661ffa992ed2c23c37f1e7b82dc834d7,0.268179875739
662153a685fb4268361bfbaca5e9ca23,0.448580373995
6629e23c3bdc8dc8161b3caa8a6048c1,0.076338188092
665ca5ce18dd06722a4c4436a85246b2,0.357345232415
666becc9794c25bb8e0e7982be7cb6dc,0.276859415904
666fad0dca00694381eeec67adc909ec,0.0611932560316
6675d3cc20585f44d4c45746cb1002d4,0.614303406914
668bb968918c63fad7d65581825b1048,0.175451218157
66a92d789e440d3dbef3c69d20e20694,0.462392362253
66a94647459dd5a13f4336e1421119c5,0.359576749799
66b7666912e1d469cd9817a1cade694c,0.0449877491919
66cef72d8428dbba31f2ab01abdaf6ca,0.0415314187977
66fb40934f0be4b301fe27db7fb62299,0.110280097005
673ee14e01a0628b45c78500d402056e,0.370322031425
676467220abd8e2104417c5213664ef9,0.681941598168
678c5ec1360784e0fe797208069e0bbb,0.881439939386
6799964c08ad5ce7740defcd3bd037a6,0.32713443581
67ccc2ecd7716e1cab05caaedea99f4b,0.182651403198
67e87fa621f2e3e838b1b17a898d5b41,0.0222212150283
67f7f74220c08faa756b34cb81b203a5,0.103046556361
6828335aec9aa0d0053ec0949319aa4b,0.231828182045
6857c76be618bb0ddced5f4fecc1695f,0.690601527585
68a1f729eb1e2a791fe8170ac6631828,0.0160925649813
68e905099a1c18242aba55c9901eaaae,0.0581063349062
68f2b9c1fae9180356cb5c4fa95bd30a,0.0214902665437
6969c031ee0c34053faff3aac9dd2da7,0.143586603238
6997b392b28529c9ab67add45055fcf7,0.172682580264
699e4f02a11a33930a14b13071d24eb0,0.0449343493727
6a08bc7a3156caf9b07bbb1f9b2861d2,0.468973469672
6a145c28d3b722643f547dfcbdf379ae,0.0369561147623
6a7f1fd0196a97568f2991c885ac1c0b,0.122857945198
6ae190bcd3fd9c581db4120f4465d65a,0.338414804854
6ae1b284936accdc4101c6daaaa2e0d3,0.219452821083
6af9fecd6807921fa9fe10f0391aa453,0.0190851010915
6b4837a316e688d0ba125cc1e545d383,0.0374715304581
6be677ba1631174397b0c1e26a46af30,0.508238325083
6bebfec174e8a6e8d4b1653c13fcdbe5,0.0535718851186
6c1136ce7fbc5c7b503aa08da6abedd2,0.0327797212878
6c56e9802fb6346db58bd5daf160f9be,0.632820312418
6cb2908fd789700db727dd96526bc342,0.540813788998
6cf71f5017945c9dd8bc0f5126eeef5b,0.416553455408
6d01b46b619b9f6d8c78dbd3f6864372,0.116088492099
6d38cc9a6de069570a5d2efbb55a7f63,0.102366798039
6d60c26d7d35ffd967127b380ff01c12,0.451598881944
6d75fe2462284150249a04d78781189e,0.15657247541
6ddb331865608b8dfb8cac6d873eaf62,0.104528980213
6e3a7f8ef70e26252d25cc105a945f86,0.0438003424787
6e5f12931ef179cc21382a59f5acab86,0.0486624259022
6e6d5603fb8fcf523f86ac0856e50236,0.421921347164
6ee742b62985570a1f3a142eb7e49188,0.510310351633
6f38eb7988753c6a978d0da80dbc014b,0.165110383717
6f43af3f636f37b9695b58378f9265cc,0.689081552382
6faabf4152bf0ebfd91f686bc37a1f16,0.257180854508
6fd3af9174242c1b393fe4ba515e7a26,0.0483378321508
6fd582d25eeb2250c2b0996c4216deb9,0.0191726540179
700bdc2723c2ac75a8a8376d9ca170ad,0.0500868476656
70287a7720e0d90249ac7b3978b7ca40,0.0539712145405
7050f8141e92fa42fd9c471a8b2f50ce,0.0322686952166
7051fc0fcf2344a2967d9a1a5478208e,0.0355886425578
713d8136c360ad0f37d6e53b61a7891b,0.876751008845
71665cc6a7ee85268ca1da69c94bbaeb,0.384930822533
7180c83eb184d5c9dfcbda228ab91213,0.175588226536
718f43ecf121c79899caba1e528bd43e,0.0812862361718
71e09cd11d743964f1abf442c34f2c9d,0.0333836609475
721949894f5309ed4975a67419230a3c,0.435221541032
722429bc9cb25d6f4b7a820c14bf2ab1,0.00636005423324
7239b3a904f39b25c4e303c10a24621a,0.0900922048551
72609c2be68be9d7c9cde3d0127c05ac,0.160391728078
72a1e35c34052e163f61585ba0c9daf4,0.150852241439
72b080b50118e9ddb795890eb1f13684,0.140353228261
72ed4046708e5607eb0a5703905438ee,0.514733633245
72fd04cf3099b148d9ad361efb988866,0.728938590873
73280f6a624b3bf7a766c70b31dfc56b,0.172855841438
733205c5d0bbf19f5c761e0c023bf9a0,0.650613258818
7367ede966b44c6dce30b83345785671,0.156563611213
7395f64fba89c2463a1b13c400adf876,0.263717048473
73b28e2eadad587c9a8ac6c7186dd51b,0.19512889771
744bb5ab2a706c8070a3f5cd72848ccc,0.31887980148
7471f583e1fb0e34d9e582c313af4358,0.125447945142
74797049e8df8ed38947fd38840b539d,0.0530899243435
748bc72733efdabb4c239afb612bf7d5,0.0882968758824
74b1b748971c474a8023f6406c54b18a,0.719156251268
74b3ef4c2125d636980a19754702dbb9,0.204333299355
74b542d34b61740c1933d2c953403aa6,0.337952079674
74b68f9442209bace31aa62027fbb79a,0.129518123198
74dca439eb5b6dfa5e33c6d2119630ff,0.048311995321
750680cce371800ea26576b694b32dc8,0.535266687063
750c11a0a87833e0bb26441b52b51399,0.0437908198141
750ed950a05e5fae10b4d25ed9bcd021,0.103785657308
75150225ab1f5d910bc64ad68ea4d221,0.168570865749
7525f0ec0999007a0bac946e346eba39,0.0308605685776
7577cbd6961b0cab27f88727dcd2d6d3,0.0225682505789
75aef267ad112a21c870b7e2893aaf8a,0.570292017877
761aeadb65fb84c8d04978a75b2f684c,0.333266935269
762d3d698144370d197a7b9bc978d6c9,0.309561722445
763ce10dfdd4662f15de3f5931d5534b,0.585900976795
7692b05abf70dbac5292e91918e98913,0.0246159418882
76a77d945cd4c568f3b602957e1ec031,0.0976651947521
76e54792d7f5543f734e0906ea8f36c5,0.192255176865
76f36ea4858c572b425eb915e1b27c8d,0.0271602983725
76fff2029e577190ce0bf070192b889e,0.0432243896614
77033e4c1591403d1b1255607a20a983,0.289451254254
775c5f8043e72b2284b5885254566271,0.49744327916
77941d758eae521a00ef225e306eda08,0.209130344401
7797bfd33eb9f06da2b2f5d5c6501af4,0.550114194876
77d6f5203d46073369d7038b2d58e320,0.298449170683
781cf9cc66e59f4586d9338630b95c1a,0.147634822657
7842c108866fccf9b1b56dca68fc355e,0.29423028605
78459ff46c9f3b3fa26be2a467515c7e,0.118552351398
7852cb521d7029ca08133476054e7bec,0.0578263544497
787bd094dd0586ea0f51f9f8557424a8,0.112487659025
78c0a0104c0428e260cbd9e50eb7eea6,0.723277318108
7917af5df3fe5577f912c5168c6307e3,0.919783196198
7921bbb92d5390784f3ba046be0d59a3,0.237342172217
797d6bffdecfc88e990e820dc5771a0b,0.150693159313
799b283083f1b6547d558f063b318e78,0.372832359773
799c0026d66479f7447ed0df5955f051,0.580589368179
79e0e507b1cd1d0c8107de4fd6b9e444,0.810352632009
79e7773230a96a6789c2c64ec39312cb,0.014113035712
79eb6f0a80841d6618968362dfb1f57f,0.274039676131
7a705cc36536145911a2ef9ace7d9930,0.0232342064584
7a82802a862a267d58aa2171645f1181,0.0295762824497
7ae953bb9e0356d2990ee6655c8bd168,0.0565067864516
7b24367c58f1737e901dde9a934d1eb1,0.0619157313129
7b43882369098df840e51421e6059aea,0.362346324903
7b4d476d9414c9339269efe47840d2da,0.461586989764
7b547c5afa0c028b0e20e9a28eaeaa41,0.27373346969
7b6c63074678f65784bdc54d8d385b83,0.0464234755296
7b72b604e0af8decb22021cdb92927ae,0.413683176735
7b76426f64cb4fbe3d4caa1dcbf47a2f,0.156617201312
7b84056d69644df2a9452a1746d14d39,0.0343503202018
7b87e500ff88c264aceb67cf57b32d6d,0.414529187367
7bc437435c5677d361177adb80547bd0,0.112840284796
7bcecfdddd3bd47e3b36ffb05bbdab60,0.0196901265598
7bd3565827be855caf938e72b3a7880a,0.0492281817018
7bfba4540956c0b2c5b78b3623a4855d,0.618201066363
7c02c641324c598cd935b588189c87db,0.46060855431
7c2b72f9e0f5649c22902292febdc89f,0.449842181942
7c8aa548b813dadf972c38e806320179,0.0137961239825
7d46ce019d79d13ee9ce8f18e010e71a,0.909418442981
7dbc5207b9ec1a1921cc2f03f9b37684,0.0323655785467
7dc59759253943ac070ab2557c219731,0.0442280467245
7df28e2253be3490208ba9a9f470ea1d,0.164723049644
7eb217c0444e5d866bd462ade5266a06,0.0335077246053
7ec258e536a1e0353375295ad1b71e5b,0.0285399990054
7f137d30638a87d151ac7e84eeaf48e8,0.0479942829263
7f45518a2f938a92fa99658d98770316,0.01530622762
7f524231183ed193b8f2e3d9cc73c059,0.0590415029792
7faa456389e1ffde464819d0b1360188,0.394866095116
7fb1c8ffd78ca4b6869044251add36b4,0.882281614801
7ffe144af38f85d177af286c5d941ef1,0.0789297406306
80588b9231bb4fb7e1cddc9321d12e76,0.0120018179677
80600d4a5fee7424d689ba7d0906d50f,0.470004578376
809ae218d8b4a973d11358264e4a0823,0.0229645963621
80a3052f4a1b90fd38fd0def7b79b65c,0.506765055935
80e01dfd642c5aea680852498ddabd28,0.092660434005
81528d5c9ea936264bf9aa8ab4f0ea5d,0.117321610442
817a99e1a60bcf4e37c904d73845ca50,0.0233596984053
81affb342fc98aae0201a6c837cfc3bb,0.0184288864151
820245d8b211808bd18e78ff5be16fdb,0.553331630434
820cc2a44d87d9b3798782f7cc6f2a74,0.0589154123145
820dd342da11af3a062d1647b3736fdd,0.255617719464
82289d2db2b1e33d68ba6736b21b0e43,0.0474545330213
823b5f08ce145f837066d2e19dab10c1,0.672864207143
8264a875a465c029f28110c725fec283,0.102338395322
8269e2eb69b3ba38c48dd5ae6039e250,0.0440491380754
8298238a27be6111214a9bc711608181,0.317863382182
82df9b029653e867e86ce9e86ca7275c,0.0249138888162
8326bb56a429c54a744484423a9bd9b5,0.622309456372
83463d2951670b7e8c3efd7594a13e10,0.329940304068
834dd009c49e7faaf8e4caba668a2d8f,0.0390679525324
8369f716ca2d51c934e7f6d44cb156e9,0.9308504016
839502f9ff68fd778b435255690f3061,0.683076541552
84402e42c992259ac8cdd98b51d4fba3,0.229106367614
844032970cb66839f748512acba0be8e,0.0734358002024
84876a50f52476bcc2a63678257ae8b4,0.344819872927
84a6c418d57bfc5214639012998356d4,0.294617883027
85059119462b510aacb6da54983addcf,0.162761480422
85746d90494345e38ab61533e999b3f1,0.105898866811
8589428b683d33b99557d7d3b43a518c,0.0136093822098
85d59b470b927e825937ea3483571c6d,0.700507476373
8601f5424bcf4cd8e7bc3d649e9995a2,0.451071690015
8615d91dab90b906088e4097fc822820,0.0530969154232
862d1d80391d146b2cd02478a798b365,0.0357436822535
86515f063b3a30af09ba4d0322edf7b1,0.0697958504892
868b024d9fa388b7ddab12ec1c06af38,0.268442476882
86b3b918b2ad15df1133b52f418a7386,0.036478818099
86ff28a92989348192783795a5b442e5,0.04138642275
87b81bd007c5b23cd0c0aeca722fe52f,0.0587647400032
87cdb87db24528fdb8479220a1854b83,0.831692785019
87cdf4626079509e5d6d3c3b6c8bfc2e,0.737633634259
880980cc7e88c83b0fea84f078b849e3,0.690938858848
8815efa67adb15b2f8cfd49ec992f48e,0.542532309146
882107a204c302e27628f85522baea49,0.106725946426
88523579f4e325351665753e903cfdf5,0.221426304689
88ae66cd575c45ec5bb0f1578e2f1c49,0.841325533298
88be713eb83cec7d31c4553ca05b2019,0.102274471131
8918c484841c5d0a532fe146e9da61bd,0.71592551015
893fbc465b9d8a25569659a2bac154ef,0.911166728836
89629540f3b3cbc2a18d9919facd34d0,0.110029819438
8987df2216ae2ab1a907d52bc9dc540d,0.0596213389999
898bd4c517fb9cf94c7d06dae56b0136,0.778661999862
89960d9a801625bf76e9e1047acc5cd5,0.0150226382028
89bfbba58ee5cd0e346cdd6ffd3fa3a3,0.880702741005
89fbce8f7fe8ecc1bf7067a292c7ab2d,0.344102009591
8a17bbe3cc0079c6d7d7579359bcf565,0.406242726503
8a1fa06a0099522730dd3c12c9b9cc78,0.0352317469968
8a2de07f6e9dbb8c6e4bfad7e83b3f0a,0.171744108425
8a8419bb3048294f69a31de36cd35a98,0.681868461781
8a97ff581c17a49a3ef97144efde8a19,0.298784696171
8aaa3a09b1f20e950609a62a1de511df,0.0770342371353
8ad1af382994ce945a5034fab202d402,0.288761363317
8b6e16b4e1d1400452956578f8eb97c4,0.864810660589
8bbad07d91788b97cf894a05a152d291,0.0676873210409
8c22afe3214768d4c585580a2364614d,0.620421225692
8c2f9e7025d6070e9f4ab8a65c8e9dbb,0.0184649809595
8c4d81d9d24d9d66e9ced5f40d07960a,0.0927216220308
8c5288b86ffcd597f10d639e9948411d,0.572981008937
8c63c8ebd684911de92509a8a703d567,0.525153630188
8c6f2ce60479f73c257173911aff3453,0.351769662651
8c7b03ed7f61c7faa5a26e126d769404,0.38579050654
8c9925cf3627cd4742bbc8677f905afc,0.0829162319042
8cb4c49a88d8ecb99d97cf5d707d58d7,0.00399395653416
8d5c4cc78e964463699c19003be70851,0.547685176385
8d98bf96ed8555da4df44f26cc8426bf,0.0485653254727
8e0624a689e8e02dbae149771f51f8ca,0.0562562687169
8e7638040431e1d91dffa4497f7078d9,0.628805404775
8e92c4db434da3b8d4e3cafce3f072fb,0.0706909112201
8ed68f2dbf103a4bc0fd8708d8c1ac93,0.160745002117
8ee6f423ff988d10f2bb383df98c1b2e,0.831955999815
8f0c4220a437192a30ae06d82bf78885,0.0547096003736
8f0d9699a15acef00da458eceaf0c846,0.0860575422519
8f28d220d960b67f799479f319373c21,0.0257413821982
8f4c97d428c70831d74660bca08961b9,0.840813468605
8f6e50767b3bc4367bfe551b0ed73773,0.0390794120199
8fe50e522e082c3752a0814da32f7e4c,0.508241459537
90409f7fcfec3581033559f8340e48a9,0.618664832665
90604d9cce6ab054664c8efa7ce61b20,0.0899736847539
90d6324d7006a3d142ee1884279dcf9b,0.0777132510977
90e3b396e1c1343a514eb5890833d3d8,0.800054616128
90e5f4780b2f05136ff5f776a5cbc2af,0.652325950078
9109609020945cfc237125dc5f43f7b9,0.228001340162
9139a5b2f18c79a75c2d8ee817cc2495,0.0529271948474
916ab7b22affc5651abfc9aae01bb355,0.0176410253157
919b9f74bcee297abd6e217d185a025d,0.169570886325
91d0606b85ab7dbc7bab718c1312f2df,0.440887013844
91d29bc19205f8eb9a63de5b774a5575,0.839432662171
91ee390b30927af8804d1f2adf2aefa8,0.0485247780517
92286959d1899e9b480d29c545cb1e0f,0.0557159368018
92abfd85dd6afb639e9a8b60aaa08262,0.839833341836
92d5f6230c3b6f6256e57d30981c1aaf,0.0542413879448
933cc0dec1c737d9654820453ce64284,0.656366121947
934bc93ae41ee1d98c7c44d483327f8d,0.0530559448438
934f01786c3bdf8eeaf7d8411a3a8f82,0.0104635856258
935908ab6e4c329756638887f2dedca2,0.0263103056263
9397a41c9e819a92eb5c86e0e652d7c1,0.746941507679
93a6f37a72f60498986374f57bfc30c4,0.68755625296
93b60dbb5cc3fa4c4cc9247cb1143a09,0.0299852435972
9437f7c26ffdaca5a9ae5302d9736c35,0.189249517872
9462c59a652187dc2d581b8772bcb3f0,0.0997530058928
94cd77da118cc1d667cd9732853f0c48,0.623031363536
9560214767e1257dc97c5103a27f1d2c,0.0275598753926
9569bb8d5fc4461461078b2e2ca29f1f,0.147005754925
95a27273c11db8bfb9fc27b1e64de6bd,0.355758713087
95edad4544e59e37188dd33db40cecb7,0.754865507379
9626af3a0a37c4fa5187447f01aa69da,0.132398420813
965fbaad39ecdaf8a135f022c8ddaef3,0.392552647126
9660e4a23b8dd7d5056a622ee3568a41,0.571005893582
968808e60982c76366088b4db7254671,0.0289348358063
96acca47671874c41de6023942e10c16,0.8129334795
96dce4424dce5451ab0a068c58435c1b,0.0124600375522
96fdfdfc4417d5bf8e6750edbac8ff90,0.0466582269327
9703fd051751879432975535663150da,0.915831723785
9759889dcee7ed0043d06e03fb44060d,0.0490184285126
9759a365f7a8b828e964b0a53cc2daf8,0.0225694867573
975c90ab2afd216efbb6b772a22ba3d9,0.188517904279
975f7f3c5bad9e9f0bc31e723fd6f793,0.81915841131
97967da068bd4ee2d9cb7558f1d8c18c,0.062952757183
9842a3b9dfabab4ae8642d9953058ce4,0.211555130258
98bde8f061ae92dd23b0708fdf41381e,0.333463444844
98ea0b7d586e5e888e31633772f4df94,0.333295179275
990fbe3f0a1b53878669967b9afd1441,0.388679456539
991a2fe88aeb9ef23bb011e3843c9105,0.0356684478822
99579bbe92d0bb4d5cd98982305870af,0.475702044432
99ce8aa6c0afe0e418f49823f8639776,0.551839969373
9a3174ffe867f602ee82c512a01420ee,0.675456743892
9a5c2aa17362a58ae8adcb4e0a46c7e0,0.0781945831649
9b259149a750af0c21640624e4be964a,0.552719350261
9b4f0020e407fd7f980f4241fb6ac7ce,0.0716812935185
9b7524785a9bf40f0651deeb3b05b75f,0.0653187580524
9b797e680158d10e5ae2f9166c1dabb4,0.14001787744
9ba5fbcccfbc9e08edcfe2258ddf7178,0.0361318166794
9bf3ca649999bc6856ad9f01c64eb7e4,0.0755435505468
9c779a4e5e56c77131f8e99d5eacb766,0.0832185724327
9ce92cb785c9878389bd5f765a07e1ae,0.092607948165
9d44fcc8ab801ac9244da4c016d0541e,0.0934106662813
9d453de54a141820fcf62bed9a53540d,0.159366254543
9d89b32f7dea356b2d35cead7bc94d80,0.0309759879209
9d8bdc380b51812ba82a6040ef207c33,0.219142139316
9db8f95c3240b79c32af0c0bd367dd91,0.0175522934947
9de4a1ebcdf1cfd8566ed1d9b63cbeb7,0.071797262098
9e249726076fa41af6766e12957a7e9d,0.173436895794
9e471e15d44721a48d8b5f4b0a160dd6,0.0653529059954
9e5c2e760b94b8919691d344cfdbac7f,0.385798707197
9e680611b54f8fad7acf818b15385002,0.476429195883
9e878fd779fb4d20aaa80db151643442,0.0370207708435
9e922147900b3984c9345bdda573e882,0.906910579401
9e98136d07b953c3362e0a132c8810b6,0.315583047327
9f12d2d6134af032932ed37776c6d09f,0.0575622797223
9f19c381184ba62416025849c464630e,0.755380411555
9f49140c0447a0c3108ba3591b11958f,0.420046997091
9f52323d216f89d300612cfac0122d8b,0.200016412415
9f73628a5e06cfc6723f3ee2ae4b96c4,0.545429056967
9fc639cbbd749117de4980420ae52cf3,0.156254569784
a01074fefbae0234398c365adf970118,0.0467993050894
a0cdb677841933136fd15257e3c47fe6,0.111038326173
a13d6c5f8f86d74e16c10cf9294bca31,0.675397867166
a14e41eea93d7667a87d458d5cb28272,0.478037665584
a15d4fd19fb32f4858f472962c4bb230,0.371896145072
a162d204827e4e89a2e5ba81cc53247a,0.330168381307
a187b24f9827de759fb86a84e9b2e544,0.214071226129
a19a122fe9a790576b57c6bd5cf9ff5c,0.712613910376
a1b021261acaa7ffedfe15d2c8380de1,0.814481976021
a26bba2936f12f19893e54b40e0759fe,0.0736376141711
a2c59fd551d9c658f8469726b66bee87,0.0352002930065
a2d9e657a673798f9ebdfec1b361f93a,0.851221803626
a2f41e283f3c797e85c0b9d63453b365,0.106570437241
a2fc15125f7e222b3d8d579167f4fc95,0.626822561929
a2fe50d59500281851fce256e922b675,0.216296888966
a305389fe87d54597dfad222e47abac5,0.105508311702
a32e7fdbc0db97e35aabd7c931a582ea,0.210738703695
a34714908825a61a229bf1457c21ff1f,0.203163571526
a3cb12d3b8d5c64fa55f27208fe13a07,0.112430748126
a4ae73433e63549558a3d0eed9128a69,0.0191443757784
a4dc34f2731b62f60c6c390a39fe11b2,0.0995640023404
a4ebf3e2861b7845845bad3bacbbaeb5,0.175824946818
a4fa7dd73e3017b97ac6674a10fac216,0.0245290026383
a532c6f9405e6f3a4229ea6e04b0d975,0.928607270148
a53a4a019a24541c277e0a84301d8ec5,0.801284218881
a590753c175011e42bf17b90e3aec3b0,0.0781604195024
a59b1dc7e417fea605b34a5204f61f9d,0.0875883248041
a5cac127acd59505d8f1582b95f80983,0.168141895117
a6195eb9162fc40d5fa2fdb1239dd788,0.102449328605
a647d0ce63b01c9ee82fe1911ba7b1e5,0.685800526083
a654285bc604830f627687fa821d7dd3,0.625022056288
a6b7aa6b98dd87cf75a5e1f707369832,0.0792610170414
a6efbb642c60022fe194da17d71a7fb3,0.33752270327
a6f09ff7b85c72ee28a9e725bb1ec652,0.0915298941388
a70fd23bd8d535ffd42259cb91f4c5ca,0.829457099618
a7293f9b20e715fc78cc0b09a4feab01,0.279503265829
a73f098ed638571f8db71a20e1551875,0.0555955181849
a7411bdc623413af46a30bd9d2c41066,0.20278804135
a76b682e74918492c1f2ca4c13c29885,0.509412574356
a784a51caee14229d46777f2a9770a5f,0.819672401993
a79023a82079a7431ef2496acbef29de,0.0285288236958
a79e929f408cf0fe31f8e3a0904b6d93,0.3522428958
a7eca254c634f5f6e3cd0e508b069f1c,0.546094942178
a83542b34be44586e8c9f96f4fa180da,0.0518765894514
a853993fd839a0ee61f2ca73c4e497a6,0.169251849382
a858e3c7cf53e0996d76f57f2210c59c,0.06687906406
a87740afc072074e6c5a2ab787235dde,0.165402627618
a88c585e7d81744eec091a6f0600bd7b,0.897788573677
a8d308b966048be67f7413daf952ee94,0.174229918676
a8e650f8494e894be06c9cee08702aa9,0.571476138983
a8f2ebe1d66b24741cac1eb465a2ff72,0.0804804802742
a8ff92ed7d8cf90d24f67ba6614c3e4f,0.10685198214
a906cd7c6ad05c27216125485d2b7322,0.177359695163
a93362de52065e73e6882f0cb668d637,0.0640975124274
a998534bc46d3041e00c67f44a3e0352,0.0250055293885
a9c1d12dabcd5f5b13d2aad47e443684,0.222464027339
aa198aacdec142168b8de04c4444054e,0.0202944547166
aa2747369e1a0c724bea611ea7e5ffcf,0.0139332853488
aa477f5b9ce7ab1e886e474be5397727,0.0471373493753
aa528ce110f888679a4027513aeb442b,0.0475314640926
aa55708fcc8bf27b605bcd2fca0dc991,0.706819023208
aa594c8968f06fcf374e76bc9a375477,0.136465046555
aadd54d387e9be8fab53507c4cedf338,0.177466314578
aaeb75b838690ba6ba425f73b9773479,0.326319492546
ab5de6c17f4086ba09b7145178d83b45,0.463854735125
ab9e5f1718f2af09030dd33b531f066c,0.0428477023395
abc4cfb4ac045b4f9a74e2dbb18f8193,0.0821497797822
abc526fd74d0fdd73772bc6867bc38a4,0.106952240188
ac00af80df36484660203d5816d697aa,0.894113446036
ac3345a5a05655c6bcce7d0b226a0042,0.482639076807
ac366a2168a4d04509693b7e5bcf3cce,0.471144463897
ac4c6d832509d4cee3c7ac93a9227075,0.822030799765
ac4e4bd5633dd74c99762acdba21934f,0.316860208922
ac57a379cfea05c07d9befe8b9359495,0.744670260755
ac68eb0a3db3de247c26909db4c10569,0.83356146826
ac9c16f3f287f0e0b321fb518ac71c75,0.669392688533
acbb4e34904af9781fe089f586418a21,0.0136181258933
ad5f3a8ee73c1ff4cf401746be3bd493,0.0370504198055
ad7e6fe9d036ed070df718f95b212a10,0.603467868704
ad914d487aae66bcc2a7760a959d8a7c,0.0437586316599
adc3bbc63d40f8761c59be10f1e504c3,0.14680765727
ae42429e25ce48034baa3dd527c7810a,0.0834086684385
aea6f1621333074412b9a6acdcda31a9,0.573379602482
af2b9f7d489ffab8e3590658853cacf8,0.0846461541065
af3657cf479490d027ada92b330f80af,0.0218228336444
af4dfdda000c16c4cb77ea236cf1e524,0.869854116748
af6d573b8c6804e14e3a7b07a376e593,0.23311878523
af7420c5b1c47763ecb5f6e286517b2e,0.289700388568
af9a6a57d23dd1889f8d92e5b3a2ddf3,0.804222523011
afb37b10bd304fa2c7b70cfaf1f489ed,0.0433867569896
afc15e047f3e127871d13e39cde7557d,0.338066806264
b022a1d30d62ef2c1f0902f1a047a845,0.740108222809
b06ccf39536d0e3e0e8c78ba599ed23b,0.0382746539236
b0864a9fd01ec7c7fa3a8301bdb2d03d,0.0898792173851
b0d5ba3a5ac7998791f7e484c070dcb9,0.0617739281141
b1091b5af8b47f24c4b94a9d27c813d1,0.124272376
b1184cbc6dfa46734807211f95f3c998,0.1378475499
b158f44c31f4121c865c828ff79fc73d,0.399745919748
b1786f35f31c424f6c9e3380c1c51c0b,0.188389746698
b17cb533d71d63d548ce47b48b34c23c,0.754133150245
b227e1ab3efc4b3c5148a614d01edf50,0.0538501824115
b229a7697c3efcd6ab82f6f19aff8e8b,0.137199776707
b280f1f464aa5e0de843229de12fc1aa,0.123387952165
b2d6eb577e716ade61ca89b6bb3dcabb,0.122361953368
b2f99ba5baa498246add63b1acf62cd4,0.191739532567
b3854df98b8325a98f7b48bbaf24bb02,0.113753191383
b3c2d92976acd67a13493cdff1ec33ce,0.0284984530399
b3f57de0b4ad4dfae87698ef8fc67e23,0.0832753099089
b42263b9b84f10464a94092e0cdc13b1,0.187634002659
b4581f4f4cad292b5a013d35d1c39f24,0.0731686862278
b4d7268f5a8436da6634e585db3e9478,0.0200510979958
b51f22a84cd2fae1de8bd1eb155933f7,0.366924043846
b53168fc0e9800e06de66f53daf9c5f9,0.029112262798
b5c041f7d841532ef778fd5e71309cc2,0.213023564377
b5de57869d863bdc1b84b0194e79a9d3,0.764206667716
b61b1911d3631bee521fcda3a3e568a1,0.236893101814
b635cda3e75b4b7238c18c6a5f1858f6,0.0907992351629
b6578699374a9954b9a8a9e7da2603b1,0.812925768881
b6687898fe385b68d5ae341419ef3fdd,0.560737939969
b6d8dd834f2ff1ed7a5154e658460699,0.624975931166
b7045ebff6dbb0023087e0399d00b873,0.540241169094
b769e3486463214cf631bf7ab6655801,0.447065358206
b79126e0038faca869185cfe49a4e163,0.318197550259
b7ef0e864365220b8c8bfb153012d09a,0.903199251404
b818f0244d2adb13520191eed99e4680,0.2955633093
b8276dbece0182602d2ae0c825dfa1b4,0.223125906773
b83ce5267f3fd41c7029b4e56724cd08,0.597734661001
b844a9510fc4021d9603cdf24cf0545b,0.0139603105292
b84c43bed6c51182d7536619b747343a,0.513135233331
b887defbf88deb3c6fe4c22405d0a957,0.41556367789
b8ad1b45ae4ba6c97951ed30b8640f6b,0.0598181166384
b8bb02d229361a623a4dc57aa0e5c485,0.569734627053
b8dc33b670bb078d10954345c3ffbb3a,0.58922557889
b921bb8f821ccab27ab69ea94b8149a7,0.0357980395786
b947a27711c94dda2d13e7410285cc0c,0.0875342881254
b997943f8b95d72ca9a3c36f5c695412,0.033468159091
ba05599872742ce748e2eda745e51857,0.0930796367259
ba162711fc958842582ef1828d37f8e0,0.168256559945
ba71b330a16e8b4c852f9a8730ee33b9,0.446594855873
ba8912fd754683662e542f8e737d1230,0.130823905672
baafc60a08ae90052fd44eb78a21cfbf,0.172387344688
baf842dd446ce9d7082efe16d22fb971,0.736370573979
bb0a8375885408a7adbd7c941098548f,0.031671963059
bb4b43d0dc4d9d2b61150df6556f6490,0.190981186453
bb8393e219a2d5e3f8a183da638cc210,0.118210825904
bb94bc5dd4656a2387bafb6098311175,0.466537854459
bba773fb9c1c517e23efe05e283b58a2,0.0272257318945
bbe21f027a1df4b07016b474b48d3f65,0.213305787703
bbed0d350caad0e19e5b0fc858097ce4,0.129667100795
bbf958c2331a553d5699a1369b7f2bbf,0.0239901682646
bc28807c545959c0e6e2708067201caa,0.07691928298
bc38f78d1194f57452f6bb5eed453137,0.418986441903
bc43e8a2cb05a45e73dea8c7e02f2cc1,0.0952264495862
bc848c4d50c2f72fdcc1102475b56525,0.0227788220347
bca9f24f465ae61a03e35a1f682270bd,0.0550921022779
bcb416e94f3505c120a54dbfc0d5a234,0.0356932747875
bcc701884a32d8883b73b5844241a354,0.7659167059
bccbc10909a55c0f654719e8839f530a,0.113935557386
bd5bc5a0328033ae48da9e5891704c1b,0.244667483699
bd702368c252929cf701ad56ce64b6e1,0.762673497818
bd87def5b7e1ec4f0057cde049995d83,0.0533484445506
bda661b08ad77afb79bd35664861cd62,0.841597409636
bdb59c956d48bc1a263acf997926c4d3,0.0251587143822
be024b0b5cf93c597758e65f348475af,0.0453523389093
be2be08151ef4d3aebd3ea4fcd5d364b,0.222333732558
be4285333fb2d56f78ca867d97eee308,0.0810163315227
be57c648eb683a31e8499e278a89c5a0,0.169219320096
beb2f21fa785f088469a4530784e9d81,0.588881780044
bedec8e1ad130a08faeec8ed81780d56,0.0268786865487
bf1c730d11f5c1db7da7c39808451c4c,0.203511164947
bf3dbf9b2379ca92ceaafc1867de0422,0.0913851637371
bf56e271a2aa37625192954157e9f64d,0.217920528088
bfb3e2d11c149036bbe12566ef6b933c,0.20584706814
bfdf6f821031435d9a397afe001ad774,0.404617155833
c004a9415539a0bc98c42c1a444cedb8,0.48351713403
c020f5c28fc03aed3c125714f1c3cf2a,0.915773400447
c0279b938ac1790f1badfcd4459f5c4c,0.148270543455
c02daa2116b27ce9b023fe7809ef5be9,0.137296931995
c05acf3bd59f5570783138c01b737c3d,0.0821762827357
c0625c79ef5b37e293b5753d20b00c89,0.706442091041
c0712bc73239d89cddd71a93865e2946,0.0213829024267
c0a71c28edac0a4bbdf64f058903c4b4,0.149770686928
c0f0eb84e70b19544943bed0ea6bd374,0.821524322384
c0f2e3b499d10d147892579d0ad71321,0.0222690006763
c14816a1a9a6852c6b0d88fe5585c8bb,0.261973344875
c1673993c070080c1d65aca6799c66f8,0.397623138961
c187d7be84f64e29e6623c15575f373f,0.106315048715
c19197af81f94110ddc23317e182f37d,0.92370257037
c1ac4b0949e6e7557f82caf20761322d,0.073009615414
c1ba619e3b49e0cb7798bd10465c2b29,0.158287400617
c1da930ea00f6d11bab7dd34014b7d6c,0.0638249901966
c1f5ca42b0e336a7ab85b4c437b382c0,0.0407045582665
c24798432bb6a0d4c80df831b8e09246,0.118206909008
c24dfc6534bc563d5aecb1513fea8f7f,0.145765227836
c26fbd6a185271f820953be327b5307f,0.0304504381189
c278a6dc82c323254ff53c58db759908,0.0487740374996
c2878958469b61d4f4406bbe945f8bd7,0.103545420723
c2af7c1d6159ae152a79f32d88c33ab2,0.213575203929
c2b4ac9d22e601c5d546318874c76f59,0.122328031848
c2bdfb6ab5192656b397459648221918,0.229372208831
c2e546795f1ea2bd7f89ab3b4d13e761,0.885731496572
c313167b76fb2528816d40088ba88c77,0.129925315743
c31e3540b227a1a2b08593094609ece2,0.054155013581
c3b05094939cc128a4593736f05eadec,0.756890302105
c3d37bdb061c189269f4223f8bebeae0,0.141114630315
c3e23e84b9f9f31c3ba5458c7f43ec52,0.252445341875
c3e6b43c5ac3f4ac052e0b0421f5b088,0.283171434385
c3e8db4f544e2d4ecb01c59551eb8ef0,0.527652563815
c4c801ae039ba335fa32df7d84e4decb,0.862054505883
c51d53068736c39d56b99074d2e29e12,0.165507165195
c545ccf3a5128fdc313ed936f61658a6,0.329888311193
c5887c21bafb90eb8534e1a632ff2754,0.259776596396
c590651cdf70258ffb1b6ee18da6a1b2,0.106274898863
c5f73cf44d785e5ac2e7f0a8897f683c,0.0527119018061
c610439ebef643c7fd4b30de8088bb55,0.710590922732
c6269c87a7571330961e5c4a9f692c10,0.597093582902
c645eb8b7b7225457e61cf511a8e46e5,0.0399294579129
c65cc99faea7d0f79c175460c712f375,0.028947402106
c65d665029c9561bc408f3651c3e2db2,0.239076445852
c67de8fbbe1e58b464334f93a1dd0447,0.390510954606
c67e799bcc1e2635eb9164f6e8cf75f3,0.888400384869
c68ec9a72b87f4bb7935534182145733,0.0567011559775
c690f27c439a58684910d04d6409cd17,0.115442946434
c6b722b00948587dd89a548f9639f447,0.335168968186
c6ba816fd9c99c11ceb189ac24d2d2f6,0.0522191670704
c713ec80637677965806579fce0b7dca,0.0744793440677
c7729e1c348f7d54d743388767c69cb4,0.131481923287
c7b20bdbf5f057ec1e9706ca43bf9a2f,0.216708049063
c82d5bc4554358b1512f9f871822705b,0.464061802627
c84e28d37dcc14a268b760bf16213cfa,0.0333610743317
c8594cc837b12c612d8b9a0913240f8a,0.0114927738055
c8a82a4e7e76702f5f10ece6508f2bbe,0.0407897968162
c8cfb917b0d619cb4e25f789db4641f8,0.722917329647
c928b4fee44ea322ac65348ae2ff20b8,0.0429621028199
c979fbec565e769de7e66944ab5365a4,0.0246295605466
c98675ecb5bdc7eb35c69d730da05df1,0.0404659475142
c98fb8f387c0979531e11de53607de92,0.15530032125
ca3cdb2e771df9989df5a9cb0296c44c,0.0400256271655
ca4e1486c548679a9c682b6fa1a779d9,0.0990640671269
caa6c81b74054858772bda6c2a0e8ee6,0.474078996796
caddd8f856b110ed9bb52872e003193f,0.245044652195
caf38dcf62fe3a05fac40055920d7058,0.647226051763
caf5e9cd994c3c90727d274dd790133a,0.0400511209078
caf9672e7177c141dd3d9c8631af6b8d,0.127806348342
cb0110b3780d2cf1134221404b82713a,0.158164660894
cb64ff663195832e0b66a9bb17891954,0.801733470583
cb8d3452b667596fbf132d2ce9ebd0e6,0.0401347360057
cb94c3f894fc93c1ec0eb436c8564ed3,0.388490258723
cbf5f53f3648de7d1324257caa40bb90,0.0392142668531
cc1bf5250466173086887675dff499c3,0.0434096684275
cc24c86f88a9d17c04255a4d264030e6,0.0276363784174
cc31a959bf4c2a6de3a67dfa378a261c,0.0456405629834
cca8f8cc51b58df2a4804a7aee8eef8c,0.113149011047
cceb1ae43615e5f144e31d1d1ebbdf90,0.105508224972
ccff3e86a50624e30c22d674f3b0f9aa,0.0210559556696
cd104ad99d5b939b6bdd28b154e28085,0.969707092785
cd10ceca9862ba0cc2ffd0ed8c9b055c,0.356818520483
ce0609052ba7b533e2974728b0c76bfe,0.435258202334
ce8b0816304e079bb99c6c25b4fa4b88,0.0767401281061
cec6819833f63e96fc3e17e29c0124f8,0.296995293271
ced4f41abff9290b0638b0a25cd5a26d,0.0651937837011
cf0a772e90a14d77d664ce9baedf0e5c,0.613597358489
cf3034c8828df3c2c23fa697ffde07fa,0.46196036898
cf34926681dbf1129cb0a629fb72681b,0.0201908695224
cf83e9933c484dd9073ed8314794b9f7,0.197021178797
cfbcb16fea277226d6771d8b1966397a,0.60628309126
cff7e7e9f8cb7b37c109ed6b1f11b783,0.0827519558878
d00ee8f03fb00562b2db35e90536ffc1,0.0413747983104
d08383958039c53ea3347ce1719be43e,0.149411738643
d09e4124b97b22ef45692b62b4ca7f03,0.479622371842
d0baf38ff8d974e7b59c23fd43713de9,0.170420706611
d0c1c175814c610bc333080152a605f7,0.0148356430308
d0c86e0c3b3fe3e1dd936b7553ecc29c,0.04467301853
d104e584e51830ea51ee60e69186f83b,0.147690709653
d13d9be7873c99a9fde9d24a95f1590d,0.241094089895
d2282b0eb61b8d3b090cf8eb76776529,0.110267782199
d2285c33945ab3421d753b4fc59ac3ce,0.0698045501605
d244870d213a21efa86e86c951d8c9a2,0.818442054494
d287819450e57ae8c883ed31dc4dc3a3,0.0412173871841
d2a17180c72ce7e5e9cb3870ba7991d2,0.187358853793
d2b47d9034d38a410f00dabba9754d91,0.443193029409
d2eecd9f13a6d474338045d0c91cffbd,0.757949215809
d34741458ed4cf1ef6bcf3da21a0c47c,0.0336814033238
d36b2cb1cac4b31476c6f86eb1227d3c,0.262114422512
d39d18ec79c7303a61f778f470d439ae,0.0942689302459
d3aad463ed33cb02334f0c3029db4587,0.062248623608
d3bc6721c1b0830137515e9c0c31612b,0.0747460225461
d3eaad692dc96b1a1765076716f55421,0.154098881148
d421129acf503e770dc1575c1b959607,0.424596229647
d4307a302483bcc04717ca4f565db678,0.174330559374
d43c9dd1be361b9302c9343af09cc23e,0.21836066055
d459ff0332d2b10be26eee73b1f80f7b,0.636915785053
d4e5c5bf1871b85914168ea12ed579a3,0.331289536946
d51dffd06b80ed003aa6095b0639f511,0.339352608073
d559c9b1f2be30c82f8dbe4d73d67bd2,0.199476388618
d5c43054ba0f66d5017a8ddfde8c8c34,0.222714663942
d66d6279f6a55d7263e2700749b4293b,0.0250595756543
d68bfca920fd548909bd9c7eb5694b9d,0.09180068693
d6d5ed3055d084a6abf0f97af3fe2ff0,0.635253288878
d6fe4bdde1a2cc3dc4efe22becfe22fd,0.0528520677176
d73264d2c4f71ef6bf8593ac55565d93,0.0248497578598
d73fda3be1180e4465df6fbef8a0648d,0.0800180227117
d74af71db9023b65737ee37ede219422,0.240753564057
d7713d80767cfdaad5e3db537849d8d0,0.750247074034
d777a77cc7a2ec2f1eed68799cc9075c,0.901771784038
d7aa27d839b1ecb03dbf011af4bcb092,0.835854590526
d7e5640b52c8e092ec277febc81478da,0.403659388722
d809c513476775193aba29b31d0050c6,0.136516025304
d81704ee56c124cc1434640918a3299c,0.831364098278
d81ab3ad896e4198caed105c469a4817,0.13096329721
d833b4c1530183c1b3eae02e9a2cd735,0.0333439804714
d89499632a4c7bde0923003497ffc5ea,0.0805565445004
d8a0ebe575539c2357c2365cdf0229a0,0.176588417504
d8ed783494996f55a587270a212f7d5b,0.429122502255
d917c781760710015473eee9ce82e051,0.536694809105
d92998a73d4654a442e6d6ba15bbb827,0.617554936378
d9543b86db1c662ebaa71557e715861c,0.0610010172613
d987c00ec5463a0a696991b72d934512,0.0948900726714
d991b1760fb8705de655a1da068f7a6a,0.316440797409
d9a2bea7df4a888313374beb142cf9c0,0.309682259725
d9ef71a00fd504eac1a6dd104c93ce56,0.307384105912
d9fb9617188fe99bdb464c126d2bd8c0,0.0255232197331
da821546432756d377777d7f4c41ca2f,0.845504971698
da8fea00d3e921e5d8ab4d90a7f6002f,0.649047429995
daaf7680aa9a2b519e53b0e38300163d,0.119708389524
daee58dd09c005fe41ca370c2a2fdfa9,0.0918454866255
db7c113445db32f9beaf5dc90e7218ad,0.0656572997324
dbcb3dbee4f4e75d0672c2a23feb1e3a,0.079812717752
dbfbc12c7a943a2dc0e34bfd4a636bca,0.191431798171
dc1ecce5e7f8a4be9082cb5650fa62bd,0.0743614993564
dc5cd907d9de1ed0609832f5bf1fc6e2,0.194314911738
dc66d11755fd073a59743d0df6b62ee2,0.192790329448
dc9854bcdcc71b690d9806438009001d,0.701492156751
dcb426dd025b609489c8f520d6d644b7,0.12260388362
dcde02d4757bb845376fa6dbb0351df6,0.505289706936
dcdf0b64b314e08e8f71f3bec9ecb080,0.747422692137
dcf5fd36b9fff9183f63df286bf8eef9,0.0872348981833
dcf75f484b2d2712e5033ba61fd6e2a0,0.0315509835631
dd281294b34eb6deb76ef9f38169d50e,0.203425868884
dd571c3949cdae0b59fc0542bb23e06a,0.104128060925
dd5764803d51c71a27707d9db8c84aac,0.0326663179333
de04fbf5e6c2389f0d039398bdcda971,0.0637782745974
de4d3724030397e71d2ac2ab16df5fba,0.084776039242
de635c85f320131ee743733bb04e65b9,0.151337580981
de881c07adc8d53e52391fac066ccb9f,0.294858061852
de9f65a7a70b73ce2ffef1e4a2613eee,0.0381839271949
df015da931ad5312ee7b24b201b67478,0.764611052578
df1354de25723c9a55e1241d4c40ffe2,0.0915260737119
df54dc42705decd3f75ec8fd8040e76e,0.0265728395321
df75d5a21b4289e8df6e2d0e135ac48f,0.109544789699
df761dd787bfc439890740ccce934f36,0.0750609876264
df8614fd49a196123c5b88584dd5dd65,0.253900097675
e00832e96709eb85f8e0e608ca02c2b5,0.666695154556
e10c2b829c39d4a500c09caf04d461a1,0.715325146069
e127111e994be5f79bb0cea52c9d563e,0.0875118680153
e129305f6d074d08cd2de0ebdfeaa576,0.164715095399
e1584618a0c72f124fe618e1ed9b3e55,0.678025736876
e163325ccf00afde107c80dfce2bce80,0.103068204341
e188bdeea72bb41d980dc2556dc8aafa,0.0965064759602
e1c92d3f85a37bd8bb963345b6d66e03,0.016459346387
e1e47812eecd80466cf7f5b0160de446,0.0370158534656
e1f3a01e73d706b7e9c30c0a17a4c0b5,0.0535648414466
e2a7eaebd0830061e77690aa48f11936,0.0577733410676
e2b7fe7fbb002029640c0e65e3051888,0.367632709665
e2bcbfe1ab0f9ddc5d6234f819cd5df5,0.031667079731
e2ea2f046495909ff89e18e05f710fee,0.0465764627089
e3034ac9c2799b9a9cee2111593d9853,0.0365552519673
e3423505ef6b43f03c5d7bde52a5a78c,0.942294516764
e38789c5eabb3005bfb82a5298055ba0,0.152040236794
e3a9a6f8d21c6c459728066bcf18c615,0.0492974002888
e3e518324e1a85b85f15d9127ed9ea89,0.0461380500992
e414153d0e52f70cbe27c129911445a0,0.0144157882889
e42815372aa308f5943847ad06f529de,0.0647135204878
e43afa905c8e279f818b2d5104f6762b,0.207527849169
e4421d2d5318845c1cccbc6fa308a96e,0.643489940726
e4436b5914162ff7efea2bdfb71c19ae,0.029886256077
e46973b13a7a6f421430d81fc1dda970,0.0262284005594
e4a87107f94e4a8e32b735d18cef1137,0.0164710823105
e4ff18b33b7110a64f497e177102f23d,0.137278699339
e537c91cdfa97d20a39df7ef04a52570,0.810055694851
e5438d842118e579a340a78f3c5775cc,0.0392573449509
e54b574a7e7c650edc224cbdede9e675,0.725266917628
e56b9f25a47a42f4ae4085005c46109c,0.219035102825
e572e978c2b50aca781e6302937e5b13,0.398928219243
e58b78dc31d80a50285816f4ecd661e3,0.938323186828
e58cc57cab8a1738041b72b156fedc56,0.857062570765
e5c68cfa0f33540da3098800f0daae2c,0.433381320494
e5cf847e616cc2fe94816ffa547d2614,0.458148632771
e608c0e6cf3adf3c9939593a3c322ef7,0.188431077018
e6214ef879c6d01ae598161e50e23c0c,0.029686242517
e63f43056330bc418a11208aa3a9e7f0,0.0829119302276
e659f6517c4df17e86d4d87181396ea6,0.819574074871
e67bc6cd24a71a486b626592d591a2da,0.403898801233
e6b3e750c6c7a70ca512d77defcfe615,0.228517709036
e6d4a747235bfcc1feac759571c8485c,0.0344069740505
e6d8b2631843a24e6761f2723ea30788,0.168064438955
e6f4757b8f315f31559c5c256cb8dead,0.259378185955
e709901da9ba15a95d4a29906edc01dd,0.613088553364
e787e5fd289a9f1f6bba31569b7ad384,0.0305767387241
e79f52e833ccca893509f0fdeeb26e9f,0.0880070868343
e7adb2e4409683b9490e34b6b3604d9e,0.592455959498
e7cb27a5362a7098e1437bfb1224d2dc,0.536645717851
e7d76f0723911280b64f0f83a4990c97,0.0168048209905
e858263b89f0bb57597bcff325eaeecf,0.0386127089206
e8be143b9f5e352f71043b24f79f5a17,0.479916497522
e8eb842ee04bbad407f85fe671f24d4f,0.643454275963
e92a2ed80510513497d5252b001cfa3e,0.0344740546769
e977737394cee9abb19ad07310aae8eb,0.0739526079312
e9ccf1ce85c39779fafb9ec703c71555,0.363658159261
ea7373271a2441b5864df2053c0f5c3e,0.764303189063
eacb38abacf1214f3b456b6c9fa78697,0.0453384045035
ead64f9269f2200e1d439960a1e069b4,0.0230495947735
eaf753dc137e12fd06e96d27f3111043,0.877838800952
eb008af181f3791fdce2376cf4773733,0.457290991771
eb8d5136918d6859ca3cc3abafe369ac,0.723549921359
eba18d04b18084ef64be8f22bb7905ca,0.0532725070203
eba4bfb93928d424ff21b5be96b5c09b,0.469541595703
ebd601d40a18634b100c92e7db39f585,0.252954699741
ed0f3c1619b2becec76ba5df66e1ea56,0.835700847685
ed49b57854f5580658fb3510676e03dd,0.0993265674746
ed83b655a1bbad40a782ad13cf27ce8f,0.151542368038
eda58f4918c4b506cd156702bf8a56a3,0.345410008135
edad1a7e85b5443e0ae9e654d2adbcba,0.127538335619
edae2e1edd1217d0c9e20eff2a7b2dd8,0.338159683958
edbf53a8478049de1494b213fdf942e6,0.109841220263
ee71210fa398cbb080f6c537a503e806,0.237673507416
ee88217bee233a3bfc971b450e3d8b85,0.0870308682143
ee984e8fba88691aac4992fbb14f6e97,0.0618825886467
ee9c580272cd02741df7299892602ac7,0.0299462660674
eeb1659b92b00e20bd8b6e7eef6b5c9d,0.477911320857
eebd87b91489548bdfc1c76a20999a54,0.0412395817799
eed4db0cb0576c274de569e98a56a270,0.213050965572
eed63953a76074dd5ef7360e131f4852,0.272269380697
eee8e1b2533abcb73e4b03969a3a5904,0.444966626466
eef0e41b1a96cf8c55723fa6aa2f3dc6,0.1332844339
eefc3f380cc72d6fa830972151df01ad,0.466440149524
ef3be197823bfa8c6976ca2621e253d5,0.0526830516199
ef6a37afe024d33b4b1bb2fdee054a59,0.480766665427
ef8a19fb5314b3222482fa325dd49467,0.50364118187
efd5b9e8cb651e18eba6a9623e36e7be,0.0731688559226
eff5b5a7c7245fa8f4661d7e88f8bc7f,0.0355021015782
f029c73f6f8753e7447c4e9f22e917ad,0.0516530284589
f0459473753b99105e9723f122022ad0,0.0421410911231
f0f72264cd822301852578cc71288d3c,0.0978532067255
f136a3df63637b499704a49fc0e3dfaf,0.0403246896278
f17867cc3e579dc2fc6f0334bc43a91d,0.376404695921
f1a64fda219db48bcfb8ad3823ef9fc1,0.277867004006
f207bb8bcccdc76143380849402a4f21,0.220145052537
f228862e9f9c6ad7993ded4e088c5050,0.145287488069
f243bd277f1876a77a0fb18f9092105a,0.104367145939
f25c425c827b35fcbaa23f2ed671540b,0.638315390948
f27d7bf8df3cf0cd187682fc6860b755,0.0468198371051
f29d00ddf6d9846aa600c3f0edf5f952,0.736398289
f2ca85bb9ae82a3d79b9f321f727ac19,0.637247451003
f2e952758095bc50691ab02f724568d2,0.0756996989874
f2f23b265b2a3b977cb81fe3193d7c2c,0.0653668001868
f37d1d5c299d4838b294cf82902675b0,0.0425688556404
f395ca14ccb03ad40e98d1473cf686ef,0.0585459823099
f39a1e54d79731e4417aa8159d19b7d4,0.210046239127
f39dacd5f134f3f4482094d3f8a0aff1,0.160535543067
f3d40bbf94a7951dee3b0028e301a126,0.646617091236
f3eafe72b1e9528116f3c430ab73a2ae,0.665038387732
f3f6f40ccb01276d722d52701cab1754,0.733860936475
f42a0343e5b5154c6a184fc955d8f20f,0.962317835686
f43843b39a5be8cd30dab59bd11499ed,0.145814033775
f447ac9884a349a4ae56326cf680ae18,0.0363970684309
f44dd045f6dcb1e477e6d3dc0f29d7e8,0.0412298236541
f467795ce3b50a771085d79ae8d29ecc,0.534163720556
f4bee414210374e68b6746f70b38d461,0.0589132282576
f52bd66210db45189027991781e1162b,0.0997468312153
f55b8ee990408001671d76c3595afacf,0.0667348308847
f55f99177e8b4b267c71b4e5fa4116be,0.045732918856
f5630f467acd9aa977b61a3e5780c2eb,0.348281579411
f5713e8c98ef5378ea678fb8d9192e13,0.0362071167526
f5717f7cbc08d8bd942cd4c1128e3339,0.893436975083
f599c9bb0bd19126e13fba8b63d2de41,0.0601421601556
f63f2f63e2619012b4c798fd638c8b8a,0.713407972759
f69c80f898c9dfd8d3595b7ca7b8c66c,0.139875323511
f6a2e171a3be579b564cd855985ab9d1,0.108926301638
f6a9611b3afd5c6a5fb4a718cd2c38c2,0.0250195299637
f6bf2c352e3c5b13ae48f077570f3d15,0.15085200422
f6c9e875d7adfe7add08f43528810f72,0.606532523676
f725f46908f16062fd12c141eb47c6a7,0.326040917779
f73624b8b22774acf9a3e2c748131eac,0.299345419678
f74cbe4dda0f80dd66e15e64563689c6,0.108587841229
f76143416ee2c8e1251f45f108fed468,0.728904712895
f77fd9fd7966b346ce8e7efcb96c7c53,0.061429301336
f78944bd1732001a3c62723a8cc19856,0.100398078353
f79681d8561b6443a5b95f78f3ea6411,0.213188462458
f7a03adba817f2a2249b9dee0586f4be,0.0983457553217
f7cdd95c94818875ece1175561025038,0.220111487836
f82560aeea0309873716efe3aa71ef0a,0.147007559348
f83c62177ee552891d22df33be12ab07,0.172420303671
f88ed45f3436cb30e494409dae76df5d,0.39302184927
f89a08a93f1ceaccb0cba52156fd6f03,0.077888536134
f8ecf6be8ae631c6dd694c9638a02b45,0.92982497192
f8f66fca04d2e67eacd86ea154827a4c,0.783089520195
f938f9022abf7f1072fe9df79db7eccd,0.44140005719
f9ce0c5ded59a58b9d7ca5200e6b1182,0.528313816865
fa45178d023325b255a3d4fc3e96cb7d,0.407878929308
fa744c0374ccc6aaf6711f463a9e5bc2,0.247631691695
fa7bf17071e3234ab1f350341303b174,0.0995715188386
fa9575f64e6881c6b2730f0e225c9573,0.0859235326654
fa968673987cfd078d91641294c3bf63,0.0420757781161
fac65dbf7b6972049cfd37b5b122ec0b,0.409679755276
fb52dd8152e53a4ca7da5403d6d0db13,0.0269592490983
fb57fc6377fd37bb5d42756c2736586c,0.462197841528
fb7ae70f05b6441ac4ea7187ce7c45f7,0.456068231363
fb7dfb6aae597d97c2da24179df0fe56,0.0652496738711
fb99a80cbb2f441bb90135bab5b029fe,0.19101815344
fbaa8548e6c3753836579c7987d0034d,0.0607850811583
fbae4d04285789dfa32124c86586dd09,0.150585085334
fbe0c3d6e4a50ca1c1bd3101515d0ab4,0.712909730057
fc545aa2f58509dc6d81ef02130b6906,0.35212590654
fc658f9bc12a751a17f16589f9e3619b,0.156438699616
fcdc2d423356d53759a8f602d40785a6,0.240431811654
fd0c2dfe0b0c58330675c3191cef0d5b,0.540527204025
fd2dd970bd3d91e5b26d7e57c03f70af,0.946631519854
fd4c2d4738bc25a5c331dbc101f3323a,0.0682696116662
fd64b23b8cd8c371c8f76fbb503e4e0e,0.0512293626405
fd7c0fb3c0e764357aa58e5f047be614,0.0985399136786
fda187bfb1d6a2ecd4abd862c7f7f94c,0.478170522147
fdf2a2f5b86aea0da54732056fc7ab48,0.0944372481832
fdf73dcce35167f3ed952a58f5a6f738,0.127266795503
fe26fd2bb25112b3c2ca93eb8e34f8ed,0.0384844004035
fe45462987bacc32dbc7126119999392,0.414266769247
fe5c37e82b412833b8ad0abb57978377,0.0791591804658
ff5d8e90500cf324e7b04a2f07cf0399,0.275543359278
ffe02fe7d2223743f7fb455dfaff3842,0.0613935593541
026470d51482c93efc18b9803159c960,0.548890507055
031b7ec4fe96a3b035a8196264a8c8c3,0.761333219111
03bd22ed5858039af223c04993e9eb22,0.204605603778
06a90409e4fcea3e634748b967993531,0.0591543329307
07b1defcfae5873ee1f03c90255eb170,0.126105553978
0b20184e0cd497028bdd155d9fb42dc9,0.26579221608
12db1ea8336eafaf7f9e3eda2b4e4fef,0.0247977934997
159bc8821a2dc39a1e770cb3559e098d,0.0269402342929
174c5f7c33ca31443208ef873b9477e5,0.0513021960613
1753250dab5fc81bab8280df13309733,0.0234958751675
1cf8e778167d20bf769669b4be96592b,0.0762039907941
1e62be2c3b6430b78ce31a8f023531ac,0.0225832168819
1f6333bc3599f683403d6f0884aefe00,0.106564566429
1fdbc07019192de4a114e090389c8330,0.668616900362
2004b3f761c3f5dffb02204f1247b211,0.0465654836417
202898fa97c5949fbdc07ae7ff1cd9f0,0.653204197222
21b73c938fd7d346ee77a60bd60aaeac,0.175117389588
243038f7bb7787497c59bc17f04c6ed9,0.132183728262
26142353f46d20c9fdded93f01e2bff4,0.456761318288
263a1c3bfa43556623e75ed901e3fd8f,0.500552037448
2703df8c469906a06a45c0d7ff501199,0.763015984077
2a3e6ecf9499607ef4fd14b436136b0c,0.333200702057
2d596b6ead89ab35577fe625a9a17cbb,0.317729359234
2eb92d17ca91b393765e8acf069763a6,0.324291416678
2f77fd993fbd858dec3c085b9ff1a3a2,0.746136516532
3295cec04482210dc6f78c2b4a1d287b,0.164497868298
33387bea2cacf6127035cc7033036a02,0.110194615592
34037914ceeec5605fc890159dd425c5,0.31066593775
38bf066bba822584e14c0af65d4bb5e9,0.0592523203543
3ee1fd6a0f3f108c3558e6699fb011f2,0.0635907018577
42b2161e43b4dd0ea94604485976c59c,0.0135843626089
4434e19303b62ebaecef2596583ff351,0.451978005898
4575fe61bf3f536ce6cfeb26fcc2893c,0.130182480184
48ab0b98fc7789304c21430978624f32,0.207189547181
49433c1588cc078b825a0eff1dc2e816,0.768306071267
49c88f7cc77341c9ae4e64243f9912fc,0.0138027266072
4b28f147cb82baba3edcdbd34ca19085,0.0273220234295
505405b3e70fb24b92e6a8a5b7ed339c,0.0383205938511
50cdacec399071cf70d8badd2511d0b3,0.0255338941916
519ad4ead3e61d2d71088ac8e46f25b6,0.246885396692
52f6d741e674f62fbcf73e6ec4f6a472,0.0271174257376
538543b57d0c8fa0b2b6bb7c84df3f33,0.406306341814
5451203688c930484ba1f3c7f1378847,0.0212758109978
55b06d60e7c0329787f81d1b7cbf9aa0,0.0686761135598
567547810a1795b9c8e11c15dfd32c34,0.817877533258
5791c42d317f34592be9a933c50e68ad,0.137641367122
580cffecce8d3d53cde1abb922adf21a,0.519704486854
59af702c21840ec18073b6b56c95e7fe,0.655299659595
5a42f0a0d1e060531c20d04ed23efc02,0.023768978267
5ae9ab473d59cd29262c47a741177b6e,0.180685367958
5ce91933688cc8400105bf640ac11535,0.338397673779
5d16819bd78c74448ce852a93bf423ad,0.531042452372
61017c23bbae6e17062ff582d1a237b3,0.0197451554724
616f98dab4db03edbad28c73d22468d2,0.0545323868944
63458b5875a0b223ec21555d17b52fd4,0.200802769813
6379e4435f78a5e5c150c32146ece4d4,0.0524212881314
649fd56ef9809019b57261fcf9574d76,0.136858008022
665c1913d8e90e57af3b745349d19537,0.534489149054
68f4dff6dd1f135488e83b8a4ee6e20e,0.26597352971
6993396b31078993e13cf9c0a6fd470b,0.0675120080544
6c71617e2cee498fd3dd20956bb90a3b,0.0365832208873
6d3b16f2e60c3a1a4246f340dba73676,0.16992844278
6d3be6081d76d2365b080e599628d3bc,0.0620433324245
6d43fdb6eb1bec3a5f4febfd442e8c93,0.122643629719
6e240f23afa2c1b4352cd0db5d4f357d,0.884524555043
6f229187fe608c9eacc567eb74c1458c,0.818370740808
7027c0b8c8f8dcc76c6e4ba923d60a2e,0.0374858096044
70671fa94231eb377e8ac7cba4650dfb,0.0993612371394
70f4eb8201e3155cc3e399f0ff09c5ef,0.0121951468518
7191c236cfcfc68cd21143e3a0faac51,0.213936754315
763288341ee363a264fe45a28ea28c21,0.320678204808
7869cc6bfc3678fec1a81e93b34648cf,0.514409382574
7c2fd0d32df5a2780b4b10fdf2f2cdbe,0.0961188723004
7ce310b8431ace09a91ededcc03f7361,0.602586244624
7cf1a65bb0f89323668034244a59e725,0.343168450677
7daeb8ef7307849c715f7f6f3e2dd88e,0.0677878258338
7f096cdfbc2fe03ec7f779278416a78c,0.130535228248
7fd5be8ec9c236c314f801384bd89c0c,0.248150872582
80938b4f531fa2334c13d829339e1356,0.0596976995829
80bda1afde73204abd74d1ebd2758382,0.0211295552872
81bd0c062bfa8e85616878bab90f2314,0.0182044661907
82b9fb9e238397b2f3bff98975577ff9,0.275856812152
83728b6eed98845556bfc870b7567883,0.0170873856106
84ed26b5d79da321711ed869b3cad2ea,0.401696055022
85ab88f093ca53a4fab5654e24c77ebe,0.0784431792727
85d6fb4a08853d370935a75de7495a27,0.320067162923
86ad341b9ac27364f03981f6a775246c,0.153999960448
88acee40bb9d8cb06898d1c5de01d3c8,0.479854020514
89f003dbfbdbd18a5cdeb9b128cb075b,0.307402508177
8a1e5830a16db34b580202f8b6dbbd3d,0.0834366226962
8b494d14d835dd5ae13dab19b9520a55,0.0594960937658
8b9a28375988de6ea0b143d48b4a8dc9,0.0531917537643
8bb7dd5fbfa5ecb95552d9c587f2fea5,0.918370804353
8be7a7cc747365030bee8297221ab5bc,0.0403183587578
8e60f166f1f1dc0d72f997fe1c9e72b4,0.0836565036318
8e9002a485cbda2b47cd14014d6f1c36,0.0332502571601
8f517521a2ed576e853fab1907fa5ffd,0.282910892352
8fde44df03fb80366c6604db53d3623f,0.17025053324
901ed0a38aa16933c04ffd531b0aa2cf,0.437108687688
9050cf3aa8371bd7088c4bdf967141d4,0.866434939146
9065f2b133129c5747d42db18a424749,0.931898220089
931253c408c440a8494dfaa74251efd3,0.100972043992
94df6d1ae21c5bfaebe6f8daf8fcd85b,0.0366694771707
95a98df466d4f6c6689908ea9a8f324b,0.129530240613
96042e205dd3dc055f084aaca245e550,0.470679754554
96544665531e7f59bc2730e3c5f42e65,0.0249980512961
96cca9d8e5764daa4bcb6c0ba07735bc,0.0619062282992
993f1e68290d591f755669e97b49b4f4,0.0228599118026
995fc0581ed0e3ba0f97dbd7fe63db59,0.117028008606
9a378249b799bbcefac2a7de46896c0a,0.386608707461
9b871732b3935661e7639e84a6ab9747,0.754810050822
9ca18e68b6b8d9c3112b4b69b7d6fad5,0.185883690822
9cc74e673ec9807ee055973e1b185624,0.0452863170623
9de48cf43611478ffc1fef051b75dc8c,0.0506315062395
a0e60d7a13f6bb4002cc4a08e60b0776,0.349438954108
a0fc609febe3eef5a4713a22996cf8e5,0.0466744076673
a2558184e0f4a68e9fb13579d20cb244,0.0701225475536
a2a4bc7708f6831470d757cd6f32bffe,0.646695268517
a334d15ac8d2d25bce76693b1b2a3ed7,0.0376997637294
a5bb766ab3b1bc5a8023a50a956595f2,0.910779808647
a5d7909f14d43f01f44cdcaabed27b84,0.288514174232
a6c15206edadab0270898f03e770d730,0.0679029100467
aa59b7a4aa4dfb2489feea527eda3e4d,0.715819324672
ab9c7bef62d1ad65b824414087b6f06b,0.0376709111888
ac4056071f3cc98489b9db3aebfe2b6a,0.329366191595
ae2fdcd8daa3fede6ae23cc63a8d9a82,0.0691133725735
ae4e9d8aab8f8f5ae975bcca923f468d,0.496984185514
ae61ec94b0b8de5439180f4776551e42,0.122322064673
aec5a58fea38b77b964007aa6975c049,0.061554293125
af1d0c2fcde369dd1b715460c2f704a2,0.884400667445
b0599ad2f33276e7cd065eaa8dcec8a2,0.114989480362
b17c07114dcf49ce71c8da4b43cf1192,0.40345275084
b4d5b618fdf3a5a1bcfb325a3715e99e,0.289056558802
b4db5b96c65a668a2e63f9a3ed36afe7,0.822662580605
b53d997901eb880c41fbfbc82847204c,0.0419212749941
b6857d98b7b3dbe84f153617f4dfd14b,0.631172457012
b82efe72526c59a96257208d95e54baf,0.110443543968
b8793dbd40de88c0de0913abbaab0fe7,0.12379748407
bbf7a3e138f9353414f2d51f0c363561,0.0356918373203
bdc2daa372a36f6f7c72abdc0b5639d1,0.240975367924
bdfb2c23a8c1dca5ea8c1cc3d89efee9,0.679332614553
be3e35bf8395366d235b8bcfc71a05ee,0.0929027384185
be9a2df5a16434e581c6a0625c290591,0.0792188007138
bf6a7a9ab4e18b18f43129c9e22fb448,0.437799911382
c0c5a155e6e59588783c2964975e7e1e,0.182666972122
c25876fb40d6f8dafd1ecb243193dd3f,0.795852382886
c2ef34cc347bc224b5a123426009d027,0.0666157942226
c3a9046fbe2b0f0a4e43a669c321e472,0.0439392948651
c46c3962c10e287f1c1e3af0d309a128,0.134194888834
c71d0db2086b7e2024ca9c11bd2ca504,0.530804365069
c7bdb83b7ca6269fac16ab7cff930a2e,0.494350438864
c87a713d17522698958de55c97654beb,0.47159517139
c95f2aa23e6d6702f5b16a3b35f89cf0,0.0888907212324
cbb9bbd994c235b56fb77429291edf99,0.0490994194477
cc1b7e34d9eba737c9fb91316463e8f7,0.376723893665
cc4805e3ebe8621bc94a621b1714fc84,0.0263302141203
cd68d1a14cc504e3f7434d5cc324744d,0.0843311004907
cd6be62834c72756738935f904ec9c2c,0.0993007690693
cdb53f3be6d8cce07fa41c833488d8a5,0.0539291765945
d03127f497cae40bcbd9996b4d1f5b90,0.0370314578543
d032116d73789ff9c805f493357b4037,0.151943642113
d1131708024b32032ade1ef48d115915,0.0805575971656
d1a20ef45bb03f93a407b492066f6d88,0.0218342535918
d2ec8f0fc56a9168cda0c707e49974ab,0.652897559302
d3a8fb1da8f7a0dcbd5a8d65f3647757,0.397458384385
d42c998d037fb3003faba541e2cf649a,0.0147194094203
d4a075768abe7fe43ad1caac92515256,0.544612474092
d5a0333be8795805fc39509f817780ee,0.206813770402
d654966fd2498de023552b830c07a659,0.0434895816626
d753676c2c6c8ac6f97bd61ecab7554a,0.357488531496
d81852bffda09dc8033a45332397c495,0.653472904495
dbd9c8025907511e965e7abad955547d,0.0768285138028
e0aa61b44c33e6a75940a8541c6894c9,0.0534135419218
e314fd13809db0132443b924401d828b,0.19441036803
e33c25d0dbca5e54385f2100ce523467,0.439547861297
e3bc0a970a4af5d52826e06742f90e5b,0.0250649816673
e42065c1145ccf734312cb9edbe5234b,0.0366962837041
e60d99ea9648e1ce859eb0b386365e26,0.051543782754
e6160ed0ff2eb214abd4df9a3c336c1d,0.532685807802
e6d8ae8c3b0817df994a1ce3b37a7efb,0.56284016106
e9a27e2645e1fad9434ce765f678585f,0.556420890578
ea01deecde93cd9503a049d71d46e6d5,0.0562393775655
ea3a771ef05e288409e0250ea893cf87,0.462673073657
eaeebb7a63edc8a329a7c5fbc583a507,0.308613276245
eb9db3f740f8e153e85f83c57bc4e522,0.456934765771
ebcdfabecf4b46b1e55e4a4c75a0afb0,0.643489245
efcb6def7a2080243052b6046186ab24,0.144177098628
f0310ffc724faf9f7aef2c418127ee68,0.107922472083
f4d23e0272a2ce5bfc7f07033d4f2e7d,0.413085148527
f5ff7734997820b45dafa75dff60ece8,0.0269278403588
f7c387290d7e3074501eac167c849000,0.293164804078
f89e3d0867e27be8e19d7ed50e1eb7e8,0.0225017999975
fad57a1078ddbc685e517bd8f24aa8ac,0.259940797887
fb55849cee6473974612c17f094a38cd,0.347448300547
fb5874408966d7c6bebd3d84a5599e20,0.103209881351
fcfab3eddbdf0421c39f71d651cc5c56,0.659290385316
fdcd385b0d2d12341661e1abe845be0b,0.0319677541336
ff8599dd7c1139be3bad5a0351ab749a,0.210588836989
